0.084415602,0.364530655,-0.405078604,-0.312169632,-0.004298419,0.359872001,0.269907139,0.130748133,0.345848518,-0.281119155,0.150071035,0.168745832,0.097257432,-0.082150979,-0.236384486,0.144965527,0.289083891,0.127813751,0.129889945,-0.092892927,0.044954706,0.25938732,0.104060338,0.178066665,0.290723123,0.21726043,-0.283416793,0.151179898,-0.089275053,-0.109892505,-0.242730196,0.042951336,-0.084610894,0.007401866,0.243274147,0.027580576,0.319907846,0.006935965,-0.022129613,-0.169164474,-0.200594989,0.04150491,-0.118926677,-0.061361337,-0.127693869,0.171649989,0.112199787,-0.360569996,0.067774859,0.142357322,-0.220612709,-0.124217635,-0.091047109,-0.059418868,0.089609987,-0.190622454,0.045972339,0.066851113,0.106068318,-0.020785873,0.047129096,-0.1842082,-0.020897506,-0.252001999
0.283482864,-0.217180496,0.027830834,-0.185969711,-0.20909102,0.107989031,-0.042336686,-0.23113901,0.190504462,-0.126670415,-0.268154193,-0.321492302,0.142058311,-0.133407742,0.056480828,-0.437084079,0.143783383,0.066015165,0.089510328,0.386080418,0.200980124,-0.120589145,0.003952891,0.206073762,-0.114514377,0.223423143,-0.32802285,0.12002749,0.636083665,0.052285107,-0.363308708,-0.301428734,-0.020781082,-0.214951884,-0.16563773,0.390280582,-0.093734298,-0.144748251,-0.066662495,0.015712278,0.02046976,0.090919586,-0.316133395,-0.367468907,0.092613419,0.200927229,0.205425724,0.14889167,0.176444076,0.044162833,0.384105028,0.070938484,-0.007599459,-0.051857382,-0.016363468,0.113506944,0.210985996,0.103938369,-0.320136365,0.049072984,-0.0394834,-0.067206761,0.166119683,-0.096334883
0.234005604,0.037590386,0.110782254,-0.217223513,-0.08799257,0.124432181,-0.022609526,-0.086536083,0.226205012,-0.088207827,0.067558549,0.046634086,-0.069791071,-0.061875013,-0.082089909,-0.058810947,0.196142242,-0.092602872,0.054583096,-0.19659648,0.121270357,0.078120264,-0.193394438,-0.012737964,0.040474633,-0.145223492,0.021958485,0.186834726,0.197207899,0.088880955,-0.332878344,0.011570455,-0.315503658,0.03261038,0.279433294,0.143917501,0.027464736,-0.252241756,0.050680989,0.0666036,0.062937164,-0.120505215,0.040089099,-0.052874506,-0.021835343,0.114382448,0.262389562,0.054815598,0.044348917,-0.124811353,-0.061365963,0.06350748,-0.072514063,0.358435218,-0.252847053,0.140445401,-0.023803113,-0.163034918,0.160092678,0.122299559,-0.040087093,0.045271054,0.016867652,-0.048156334
-0.148949325,0.073376534,-0.533473239,-0.254864392,0.257921202,0.10617263,-0.08182258,0.172683267,0.168579807,-0.025476981,-0.021257539,-0.122119392,0.196332751,-0.032842845,-0.013850256,0.243724684,0.199756795,0.439566647,0.440885928,0.327712913,0.077305029,0.181247687,-0.207119772,0.218936371,-0.139963085,-0.359787263,-0.063225889,0.154485354,-0.220461552,0.232368176,-0.000715262,0.179337631,0.07949446,-0.008898052,-0.1657157,-0.257677672,0.082069784,-0.060196157,-0.223748613,0.094802182,0.104940181,0.041942874,-0.081822968,-0.065090762,0.0719137,0.392136718,-0.259998442,-0.124612198,-0.094957094,0.081513196,-0.220058896,0.11097026,0.045583203,0.251540724,-0.122855771,-0.026055033,0.142337191,-0.012296048,-0.025813789,-0.270647542,0.066564285,-0.007974234,0.152847193,-0.092697022
0.389039523,0.110619907,-0.131000573,-0.075840546,0.068662465,-0.273609889,0.072958251,0.111476324,0.136502918,-0.4055124,-0.307966128,0.297346997,0.668348484,-0.001638212,-0.062363894,0.040924433,0.211945248,0.076751927,0.158050909,-0.154288917,-0.016831274,0.013342933,-0.035790158,0.039382314,0.170906675,-0.045730371,0.012406161,0.228960747,0.000803324,-0.2671023,-0.167677185,0.311490822,0.031250475,-0.0402911,0.041432768,-0.111275467,0.185409953,-0.056848329,-0.164343931,-0.076108844,0.058029438,0.049252269,0.200167888,0.069326793,-0.06740473,0.173025973,0.089164701,-0.022098105,-0.083858699,0.190468119,-0.141771121,-0.099041414,-0.182046031,0.024484112,-0.162971627,-0.04358353,0.120788641,-0.088861722,0.004698996,0.165562145,-0.018356544,0.007581827,0.156943983,0.079661026
-0.734057429,0.262801005,-0.136024491,0.218785555,-0.148705773,-0.100781441,-0.204261026,-0.08949979,-0.094405668,-0.61050425,0.17069601,0.072448275,0.265542855,0.362410035,-0.09343647,0.109404971,0.35419496,0.219504966,0.885894308,0.256470011,0.389189295,0.051066905,0.089537637,0.436905008,0.235581955,-0.382196801,-0.115940487,-0.179627721,0.072629748,0.173568889,-0.272273699,0.212018644,0.249117296,-0.193283849,-0.079882061,-0.186908431,-0.006157685,0.112009922,-0.250162237,0.192126874,0.081800896,0.218137517,0.0167223,0.050713167,0.083761049,-0.040675027,-0.243010332,0.00264354,0.318623535,-0.083033771,-0.261825424,0.183618172,0.126831857,-0.071342793,0.217713254,-0.333700173,-0.097347033,-0.160715825,0.070669002,-0.168960994,0.121097107,-0.015677468,0.070791861,0.159244497
0.289644586,-0.298973356,1.55470725,-0.193159794,-0.293023302,-0.452205771,-0.249576647,-0.142356668,-0.296287613,0.039186181,0.090628064,-0.52281307,0.609344504,-0.329505794,-0.090364791,0.352202528,0.559321087,-0.681112444,0.42502258,0.130146044,-0.848237407,-0.24183908,0.448448387,-0.1833751,-0.753852151,0.175917141,-0.321834481,-0.096402187,0.335443665,0.384437602,0.231494734,0.114191867,-0.0605088,-0.120925452,0.130294585,0.848320966,-0.532094638,-0.202560039,-0.567968983,-0.165088956,-0.24827553,0.155738378,0.411276201,0.024693856,-0.524592751,0.054512266,0.639623576,0.363961069,-0.147780165,-0.326889559,0.450615838,0.026834059,-0.240818803,-0.573529249,0.224160853,0.314915077,-0.46144929,0.48595639,0.531919715,0.657206117,0.312320852,0.448399174,-0.483885068,0.251061652
0.758298899,0.339893848,-0.539779422,-0.054200307,0.041662866,0.627629208,-0.223910321,-0.149911901,-0.012382033,0.414882422,0.221904209,-0.191876858,0.11780106,-0.106851188,-0.025247415,0.12070459,-0.307257406,-0.307407151,0.065895259,0.026782085,0.08926197,0.104605236,0.291430981,-0.327019135,0.405357399,-0.258637663,-0.055605994,0.185515243,0.061509711,0.090278563,0.065903657,0.274582739,-0.187317249,-0.124440468,0.141306245,-0.262565733,0.214578621,0.003544361,-0.02810861,-0.209231287,-0.017815326,-0.174922491,0.04511753,0.14361632,-0.11130581,-0.036326875,-0.042088726,-0.13563005,0.099026414,0.153102893,0.05507234,-0.136863166,0.177104027,-0.073793275,0.119128664,0.063740474,-0.0399308,-0.14511311,0.210129683,-0.209117838,0.361251461,0.149298932,0.169004967,-0.355019433
-1.357006755,-0.422661069,-2.150522163,-0.345340142,0.584966118,0.277631461,-0.213746318,0.247715969,-0.18454592,-0.784730244,-0.373586761,0.480082081,0.113388926,0.329663236,-0.050227325,0.183616622,1.146538067,0.505113648,0.617154778,0.083374739,0.204508904,-0.249294911,-0.023406685,0.719472872,-0.202183102,0.391265285,-0.589732964,0.493302789,0.704015899,-0.385731005,-0.491153094,0.435004573,0.411257397,0.011481719,0.273781204,-0.471076798,0.193462078,-0.301410159,-0.636266029,0.124232383,0.049194198,-0.115665177,0.225428311,0.322004711,0.282665332,0.035701278,-0.095375199,0.612961555,0.279402132,0.147425405,-0.351384529,0.1537047,0.269467838,0.012806644,-0.005815817,-0.413858384,-0.00294492,0.066068031,-0.204552414,-0.207113006,0.163257304,-0.155797749,0.340691632,-0.039822845
0.31603162,-0.388112302,0.06449614,-0.467999512,-0.071989094,0.05588114,-0.087434463,-0.42528908,-0.232068958,0.062980141,-0.311171844,-0.411484946,0.197789852,-0.270816123,-0.092359807,-0.19550885,0.091818882,0.259798089,0.126859724,0.332250998,-0.079548956,0.14843501,0.09897581,-0.080094239,-0.348247292,0.017694053,-0.310803158,0.27678981,0.110594296,0.194726161,-0.090257575,0.15966796,0.134764232,-0.019731756,0.418335101,0.189089672,-0.088601854,-0.096624535,0.117284688,-0.15003615,0.027564719,0.1291768,-0.101480928,0.133855913,0.047454046,-0.26240678,0.308561904,-0.060097127,0.190454197,-0.027386246,0.287985563,0.211594908,-0.038884139,-0.107711904,-0.04358331,0.025644368,-0.068730636,-0.110592793,0.020832924,-0.026571539,0.095162579,0.096805152,0.016238364,0.118413038
0.97633022,1.209291562,0.242666549,-0.105006081,-0.274614179,0.634303309,-0.075985245,-0.215706305,-0.01387971,0.22728261,0.264487803,0.153348696,-0.370632955,0.00652838,-0.103958655,-0.114008909,-0.024791044,0.070482033,-0.012824689,-0.209143778,0.090334427,0.10877173,-0.116727458,0.264039792,0.070621841,0.026814659,-0.156708738,0.023879288,0.099728016,-0.049971294,-0.234357056,0.061878233,-0.099319447,-0.073977476,-0.015333657,0.113829973,-0.22094549,0.027409474,0.201929905,0.011113004,-0.12748733,-0.315804389,0.160040365,-0.124758515,0.000397381,-0.225725764,-0.118632193,-0.116586978,-0.317800776,-0.235732159,-0.130772411,0.305027493,-0.151788621,0.019090293,0.217823185,-0.080459561,-0.356592383,0.174441483,0.152217477,0.187123445,-0.197604676,-0.08834588,0.194738392,-0.165807114
0.432306236,0.053167316,0.122861604,-0.587696096,-0.247111799,0.112845754,0.225285134,-0.055721162,0.015270786,-0.128662873,-0.058665732,-0.198358228,0.010370389,-0.407143059,0.023772658,0.036575474,0.083915969,0.235041752,0.241471,-0.11962139,-0.312784666,-0.049638122,-0.0286989,0.235961194,-0.033771739,-0.114913782,-0.415207018,-0.125296141,0.288225752,-0.060006986,0.248033561,0.026408967,0.313989744,-0.137959759,0.300473924,-0.012917796,0.195805734,-0.054217326,0.282237383,-0.165771946,0.078928976,0.003912985,-0.001108881,-0.037430728,-0.070485567,-0.238149197,0.09864192,-0.030992399,-0.040051352,-0.018805866,0.068801636,0.023281052,0.13547292,0.034083148,0.099529038,0.163142121,0.017652644,-0.010812919,-0.018872337,0.029905341,-0.270011267,0.126620943,-0.054272402,-0.028862267
0.739422773,0.364244164,-0.120869173,-0.136166954,0.152067668,-0.177970569,-0.377540286,-0.262032567,0.217021628,-0.204831793,-0.05518767,-0.199317373,-0.361884391,-0.2339581,0.2895,-0.144570851,0.115137248,0.055710385,0.239739842,0.118560639,-0.030706744,0.138827254,-0.017698835,0.109322454,-0.214129221,0.170057776,-0.226098125,0.008739185,-0.071727071,-0.048372631,0.344833283,-0.407298344,0.031316581,0.191039621,0.102878364,-0.165820299,0.078510555,0.239010865,0.088480427,0.057307802,-0.07490587,0.150594683,0.212395068,-0.029388837,0.082132216,-0.260730309,-0.045751429,0.125067538,-0.156198346,-0.496869353,-0.183277139,0.089669985,0.153957275,0.095877487,-0.226061678,-0.187150326,0.089257435,0.136613222,-0.097606534,0.343813038,0.278391195,0.248345675,-0.188668803,-0.228556581
-0.988553669,-0.774512904,-1.185738854,-0.774240133,0.613821783,0.546090474,-0.196080455,-0.592822569,-0.725761263,0.419810741,0.780709845,1.405823968,0.802217028,-0.372179508,0.632880723,0.142036347,-0.456658168,-0.402399146,-0.439011054,0.145943691,0.158091977,0.313395278,-0.295734496,-0.152203134,0.632399911,-0.716821533,-0.425672635,-0.220508599,0.224451946,-0.093655459,-0.128853831,0.446217033,0.436654441,0.206113576,-0.12272134,0.316511275,-0.009575316,0.141083963,-0.17392282,0.10839978,0.389812846,0.220588004,-0.546720542,0.180391339,0.214705801,-0.014832684,0.068666367,0.280317474,0.167774599,0.096628396,0.083374795,-0.10712949,0.337417906,-0.478159059,0.31643845,0.029765114,0.362255632,-0.536273392,0.124206581,0.5884223,0.605195615,0.102895703,0.061951104,-0.207837239
-0.244083935,-0.054365746,0.048066115,0.219677415,0.173968446,0.456203371,-0.060518461,-0.547184967,-0.015081946,0.363336251,0.349652733,0.021637032,-0.058243202,-0.480603136,0.051534803,-0.28039199,-0.112672423,0.099548448,0.205920889,0.012834699,-0.283411366,-0.018568077,0.25540228,-0.167912611,0.312697951,0.040981649,0.059346768,0.157516941,-0.191012601,-0.160704641,-0.244402195,-0.209768558,-0.012341078,-0.173371085,0.344199168,-0.314516114,0.146086195,-0.501449162,0.011160086,-0.095281542,-0.101722374,0.043984386,0.014228069,-0.029526612,-0.124644497,0.095340337,0.038127383,0.143688744,0.068059303,0.167274822,0.062595286,-0.177121385,-0.2851984,0.082458567,0.137031431,-0.029109945,0.165612665,-0.078758155,0.078607242,0.081104819,0.260151903,-0.120847706,0.135479078,0.095789795
-0.128185945,0.523118066,0.545142756,-0.056015824,0.082859385,0.376776617,0.061281025,-0.240865757,0.340872757,-0.073336996,0.386275603,0.318006092,-0.361786687,-0.043899801,0.045787406,0.029557978,0.108152436,-0.060806565,0.149283165,-0.037071843,0.182892702,-0.085804321,-0.133873209,-0.448101227,-0.207661063,0.379392096,0.112791591,0.029854676,0.242083806,-0.092302038,0.016849003,0.168888322,0.052589715,0.135158586,-0.050672996,0.152881681,-0.140755668,0.235790213,-0.080640523,0.179417879,-0.384491991,0.018485132,-0.272287452,0.080600065,-0.136909965,-0.267244096,0.00150209,0.072495862,-0.129410163,-0.145610127,0.051921076,0.037588157,-0.002335897,0.419449719,-0.321165933,-0.120415902,-0.236244385,0.057899326,0.066942353,0.27930869,0.18216439,0.055416118,0.074754507,0.013194377
-0.077875274,0.110886973,-0.03818527,0.165471065,0.090284945,0.544887135,-0.178987513,-0.543370051,0.048443679,0.179336817,0.295663612,0.104746751,-0.08511909,-0.453117522,0.121640601,-0.181621407,-0.085867672,-0.028341426,0.193813222,-0.016736514,-0.162737925,-0.027708872,0.309757841,-0.08752435,0.371364986,0.000247884,0.104766338,0.063683669,-0.226143332,-0.17923486,-0.28800444,-0.229007678,0.014685414,-0.240957936,0.318120909,-0.40904417,0.158420982,-0.318791916,0.031856355,-0.048139938,-0.210287929,-0.063545996,-0.003117867,-0.169944669,-0.12253363,0.036664019,-0.021800158,0.14685246,0.090723497,0.121402145,0.083918298,-0.057584605,-0.136406483,0.000326521,0.184756326,-0.040678326,0.119229835,-0.188302455,0.062469093,0.078692557,0.237279113,-0.118901882,0.09230495,-0.004004153
-0.202069754,-0.189697255,0.205859569,0.154300939,0.152965075,0.290889792,-0.176085287,-0.451120149,-0.070408633,0.200959843,0.209611782,0.08726074,-0.02582133,-0.4807922,0.162830221,-0.152645947,-0.124863734,-0.062640717,0.084683141,0.052578975,0.027668648,-0.021565332,0.374973826,-0.244955073,0.390732712,-0.100452277,0.356182129,0.114489473,-0.052215792,-0.227992977,-0.337867201,-0.256673341,0.151124623,-0.120904648,0.226320372,-0.32405971,0.055564076,-0.17679394,0.056015499,-0.11201915,-0.242948124,0.004724527,0.025720527,-0.13513655,-0.1199655,0.089542229,-0.033332885,0.066398612,-0.109265101,0.076990189,0.030277347,-0.070391957,-0.194292612,0.060122109,0.115036711,-0.034436672,0.143374586,-0.095497645,0.136208793,0.127464324,0.223745964,-0.088964587,0.020011354,0.081694868
1.299437023,1.493854864,-0.126402208,0.380012723,-0.241677733,0.423479836,-0.408651816,-0.712206255,0.279217006,-0.562074192,0.46989971,0.163069391,0.024554026,-0.113923362,0.046921485,-0.140571821,0.236709324,0.075018408,0.049025127,-0.123277762,-0.073921733,-0.12476072,0.032844456,-0.063830448,-0.256547368,-0.024044101,0.130456784,-0.016174734,-0.253431797,-0.021407513,-0.050340051,0.090383461,0.007043228,0.159011593,0.014743342,-0.032104524,0.01129655,-0.083431157,0.149047932,0.097617989,0.020981936,-0.049441836,0.247182816,0.295066696,-0.113086402,-0.232766486,-0.255141241,0.095470606,-0.084485935,-0.089765501,0.176934992,0.160644971,0.031308866,0.007718378,-0.122441131,-0.006280916,-0.121741839,0.465320217,0.077883435,0.157134091,0.01762192,0.11332452,0.333001554,-0.012458815
1.2136834,0.68896161,-0.680966358,0.758165924,-0.028618881,0.57870118,-0.549523619,-0.132159747,0.033793137,-0.241126521,0.299602697,0.457576065,-0.039602548,-0.080389803,-0.231158011,-0.064710782,0.192966618,-0.095060686,0.176577118,-0.054126385,0.009685745,-0.04360871,-0.193024047,0.251074706,0.060679562,-0.222224955,-0.360103867,-0.122410949,0.099819132,-0.008241983,0.086509089,0.240218236,-0.038468363,0.001960034,-0.025339331,0.116539039,0.111899359,0.08002053,0.223751276,-0.039089465,-0.407788898,-0.234866312,0.172777574,0.089779077,0.044024911,-0.173494101,-0.058786331,0.011694617,0.086930594,-0.22175441,-0.178362799,0.22560153,0.058840407,0.282628423,-0.139442208,0.101049957,-0.234148364,-0.155369252,-0.011618868,-0.181352152,0.516148595,0.110413802,-0.112896414,-0.156557276
-0.059264997,-0.216358192,0.13338874,0.418234979,-0.238654113,0.167349649,-0.119360166,-0.286326375,-0.01180982,0.097942655,0.230103942,-0.008473631,-0.357187347,-0.146502423,0.076184798,-0.193052402,-0.020059629,-0.061340224,0.052607226,0.058199692,0.228148223,0.209287605,0.314298644,0.000843984,-0.068014749,-0.465279427,0.002741178,0.193807285,-0.075563063,-0.054481399,-0.132106372,-0.184363379,-0.057180825,-0.12206415,0.40123862,-0.008074411,0.050424263,-0.100192609,0.216535382,-0.055308101,-0.161699235,0.067507316,-0.17219227,-0.041394085,0.136917456,0.006843512,0.120333806,0.060874872,-0.255352133,0.072572453,-0.183200556,-0.328347606,0.010227925,0.175270221,-0.029612658,0.13235475,0.052136071,-0.150522859,0.140809356,0.088184099,0.060925017,-0.21952345,-0.092567965,0.047530862
1.946301148,1.323284517,-0.249263005,0.772548822,-0.154465019,0.575546884,-0.362720179,-0.214945552,0.334639748,-0.414216595,0.499715921,0.13258549,-0.036681495,-0.099782277,0.081246898,-0.17009513,0.335761418,-0.17237497,-0.017896631,0.004846717,-0.166722275,-0.13108506,-0.18013482,-0.109800333,-0.133773975,-0.174013724,0.133051527,0.091742529,0.22492919,-0.07490433,0.21680888,0.270060438,-0.25305837,0.239233585,-0.413708955,0.015359739,0.162745225,0.103880752,0.430673329,0.293668287,0.196570691,-0.089313796,0.196164086,0.055182252,-0.077356532,-0.400901174,-0.060562142,-0.150137001,-0.048912288,-0.68020344,0.355621835,-0.297203499,0.111617471,0.082713081,-0.241022472,-0.181279413,-0.002325113,0.177680181,0.204440658,0.056377345,-0.07057551,0.387004071,0.166282131,0.160832983
1.071466619,0.625511103,-0.019361676,0.190779218,-0.27620796,0.685949629,-0.301781872,-0.203819238,0.078477318,0.16137754,0.315120259,0.126474017,-0.354683582,0.20150459,-0.070686229,-0.091355027,0.128151865,-0.102109353,0.064622224,0.036977106,-0.202274056,-0.030550202,-0.008693183,0.09603999,0.053408874,-0.195853456,0.037134268,-0.2839696,-0.367384226,-0.005079341,0.063926566,0.250603711,-0.03767384,0.080857516,-0.136700691,0.14586407,-0.028326967,-0.082758812,0.227868445,-0.054981525,-0.112116643,-0.145334168,-0.074625956,-0.089832444,-0.030950516,-0.017236703,-0.028166281,-0.098229685,-0.040051153,-0.31877175,0.027724627,0.136930146,-0.27252117,0.038416679,0.12323383,0.012408096,-0.352700388,-0.016962277,0.07069878,0.163765589,-0.023500714,-0.098672937,0.252903849,-0.036325249
1.867122108,1.286313128,-0.235495972,0.456115927,-0.301451895,0.816943289,-0.333527577,-0.374953615,0.151982132,-0.025509487,0.448465848,0.081904204,-0.170033051,0.211738252,-0.053110198,-0.008833407,0.24109032,-0.177003697,0.053631185,-0.017976346,-0.231904546,-0.074827628,0.061709495,0.112692862,0.011784837,-0.142918327,0.121163772,-0.360445709,-0.405251979,-0.01385097,0.161786615,0.276737927,0.031389224,0.062475491,-0.090313145,0.161200816,-0.028294921,0.078462684,0.283031148,0.018405245,-0.176251153,-0.058715777,-0.043247297,-0.092081664,0.016529465,-0.191184147,-0.139436269,-0.07849569,-0.173802608,-0.50006443,0.042812848,0.149770643,-0.246720512,0.084168725,0.140904198,-0.022522849,-0.406883225,0.035343937,0.04886787,0.167428653,-0.083207897,-0.038007675,0.373446624,-0.085079672
1.324367267,0.989813832,-0.017315038,0.404447543,-0.114634058,0.410842808,-0.249895778,-0.344544878,-0.016939538,-0.304484566,0.248793114,0.15776261,0.188334329,-0.263005995,0.101332737,0.199802102,0.167518365,0.053247321,0.12737433,-0.168454238,-0.014346339,-0.056778337,0.074276141,-0.030186062,-0.165974163,0.094715155,0.04694135,-0.232549595,-0.154150248,0.032505989,-0.084514164,0.131115247,-0.098847911,0.003750125,-0.007328386,-0.072728055,0.050787622,0.280980054,-0.020760632,0.039995982,-0.012646356,0.087022264,0.206853676,-0.030658251,0.056523552,-0.044729407,-0.029420377,0.102637241,-0.146238356,-0.085050335,0.026390464,0.107678079,0.012182678,0.163948354,0.084319242,0.194340202,-0.036287838,0.056387217,0.073138485,-0.056124099,-0.061604499,0.092616733,0.220819027,-0.033634487
0.247471708,-0.129703639,-0.027473247,0.252137671,-0.15221718,0.418694097,-0.228005379,0.191822588,0.02789081,-0.11515959,0.108982603,-0.013184576,-0.259025165,-0.149849135,-0.134154435,-0.084705213,-0.121792263,-0.011486831,-0.29255466,-0.16414971,0.070136808,0.037312084,0.117189475,0.212687395,0.060682694,-0.135084086,0.200294714,0.143556928,0.066712549,0.048747336,-0.076859356,0.090365987,-0.130708565,0.168988883,-0.129668636,0.001501097,0.164666948,0.086965795,0.056254125,-0.200608481,-0.231302697,0.038841947,0.210220347,0.077422649,0.111697554,0.008720277,-0.083404835,-0.076881126,0.110660518,-0.354015087,-0.184100082,-0.122248272,0.056757011,0.056075305,0.023243334,0.051147708,-0.192601081,0.029260058,-0.005776895,0.004935642,-0.09616333,-0.081298022,0.161100466,-0.046182649
0.222093261,0.010496552,-1.029561196,0.149614216,-0.189667892,0.61102081,-0.498465856,0.142131472,-0.264425595,-0.229754631,0.297384774,0.451923724,0.282780608,0.119148085,-0.134877923,0.196671827,-0.03849203,0.246177131,0.081578322,-0.103159985,-0.075142337,0.08048342,-0.231124439,0.326221308,-0.028553254,-0.221011684,-0.315007179,-0.075774135,0.215705828,-0.267131668,-0.054359455,0.339681662,-0.029429246,-0.056165733,-0.254842911,0.356167472,0.029092318,0.095628645,0.00128987,0.155042268,-0.278550771,-0.137660162,-0.000186197,0.256903939,0.101664491,0.216656382,0.012118551,0.193513145,0.251895869,-0.085926261,-0.184917071,-4.18676E-05,0.278044889,-0.115105157,0.024162731,-0.036120343,-0.160767127,-0.41901771,-0.043865204,0.043306285,0.44315343,0.192963142,0.125342396,-0.276224059
-0.370958017,-0.14227478,-0.984972947,-0.141522205,-0.205490269,0.547376793,0.343561581,-0.095321337,0.202383876,-0.432011587,0.187321207,0.348339089,0.299811594,-0.15460703,-0.584775775,0.106708539,-0.151805147,0.1945981,-0.067804147,-0.022941297,-0.304579489,0.076557846,0.224665073,-0.051777912,0.131627011,0.184396763,-0.26730016,0.076811884,-0.185640904,-0.556000236,0.124734495,-0.032246949,-0.266246544,-0.095528829,0.068137294,0.032702595,0.257893604,-0.376402719,0.21328303,0.081777422,-0.162646348,0.021857932,0.135846543,0.119369238,0.051143743,-0.022568126,0.369163526,-0.608181906,-0.119486638,-0.068711234,-0.229648367,-0.185704042,0.211516156,-0.077966613,-0.1343539,-0.14704704,-0.127833918,0.190306094,0.211185366,-0.062301298,-0.211887622,0.003036581,-0.025894691,-0.203192419
1.892105694,1.317836015,-0.250607434,0.459434405,-0.279608528,0.847942937,-0.32619331,-0.415612604,0.131945195,-0.069612658,0.444693657,0.075968654,-0.157600613,0.226492399,-0.064983134,-0.004149068,0.244996802,-0.14683863,0.059621079,-0.014791698,-0.19811109,-0.06318971,0.07785394,0.106271964,0.011895464,-0.141556409,0.094180209,-0.378706349,-0.427151453,-0.006427452,0.148203807,0.243760911,0.04887942,0.054497886,-0.084942032,0.163275126,-0.037292139,0.071226124,0.29316064,0.016514998,-0.17139307,-0.05428065,-0.035471483,-0.094658012,0.03181148,-0.192333316,-0.155990021,-0.083807464,-0.182592715,-0.490029363,0.046346213,0.150489122,-0.235600571,0.062034408,0.124533032,-0.030916269,-0.400455937,0.052139315,0.047008117,0.133729296,-0.098535019,-0.019698757,0.346332694,-0.055594868
-0.169564011,0.351230378,0.111530006,-0.075673957,0.323515921,-0.261055742,0.129654801,0.357766922,-0.376346804,-0.25181901,-0.437740932,-0.100596684,-0.248326998,-0.017625393,0.323458582,0.161808048,-0.083229848,-0.083688773,-0.009169855,0.008816582,0.050997986,-0.020861282,-0.07097533,-0.010853966,0.321121885,-0.273080094,0.167098247,0.222573305,0.043731014,-0.112397032,0.025830872,-0.198786522,-0.108317704,0.264989929,-0.072401018,0.102256006,-0.015179667,-0.021665709,-0.06862952,-0.087938058,-0.134242516,-0.047735954,0.016626545,0.142291201,0.32408073,0.019068182,-0.00254693,0.039713038,-0.090692067,0.094295427,0.112482576,0.02600663,0.188986839,0.025755359,0.104318176,0.008008739,-0.102686256,-0.216583414,-0.038234908,0.173258829,0.257848949,0.079561804,0.01394811,-0.137450919
0.059992331,0.03160146,0.236854176,0.345007746,-0.013365354,0.327214317,-0.278196525,-0.235920966,-0.046179352,0.151316644,0.370621645,0.083027741,-0.038392379,-0.365663468,0.07662168,-0.113129558,-0.450839071,-0.021409145,0.110012982,0.00684586,0.193002151,0.156514581,0.542791918,-0.314534018,0.089972877,-0.194379863,0.356881138,0.174559403,0.173253922,-0.129515997,-0.08938315,-0.462118146,0.009016294,-0.135048793,0.387553867,-0.165526872,0.023581557,-0.036679163,0.125093935,-0.076356678,0.02775217,0.009221462,-0.17357663,-0.372501203,-0.02003343,0.005811672,0.158167959,0.117330067,-0.114370282,0.001412382,-0.212957102,-0.145996968,0.011335393,-0.154800652,0.149683228,-0.037203799,-0.087966704,0.039009894,0.335561503,0.240236215,0.185105635,-0.036456224,-0.089295052,-0.025156975
-0.644467284,-0.743261187,0.422989724,0.33480494,0.172951164,-0.345616053,-0.135456166,-0.387442579,-0.216512935,-0.037866794,-0.229327132,0.084269573,0.269833701,0.089333053,0.391394508,-0.259676264,-0.160071377,0.015637977,0.062791583,0.269675044,0.244863911,0.112737603,-0.006927201,-0.000318961,-0.148493078,-0.290687298,0.293535491,-0.013309425,-0.087752203,-0.160030612,-0.023777497,0.049906265,0.007961126,-0.260575965,-0.232099257,-0.208858973,-0.028472724,0.160240065,0.301845532,0.249043749,-0.179842531,0.060951131,0.001323684,0.266317207,-0.172796747,-0.217944674,-0.109291851,0.124762781,-0.241177076,-0.270270414,-0.011056016,0.042150502,0.014877882,0.225266752,0.000450004,-0.184760209,-0.262257677,0.097924956,0.21202826,0.049772703,0.009650688,0.131494608,-0.024358044,-0.009519892
1.345221905,1.378731605,0.055151931,0.273763634,-0.236028034,0.538752723,-0.483481836,-0.189249496,0.15554825,-0.041399524,0.743664457,0.352197469,-0.087611947,-0.25337681,-0.021526152,-0.163424418,0.266191831,-0.225135886,0.094204226,-0.021782397,0.031997462,-0.028840892,-0.022873457,-0.039701292,-0.188602539,-0.09475037,0.205153771,0.169190378,0.040543067,-0.205949283,0.189973108,0.387733819,-0.350410561,0.263931196,-0.431460653,-0.133609632,0.105741911,0.192043755,0.414074769,0.159659652,0.087192063,-0.129254903,0.075116892,0.123840956,-0.10256981,-0.342128381,-0.142167242,-0.256607714,-0.0080292,-0.705890463,0.320868242,-0.19929017,0.175482943,0.070609598,-0.088486006,-0.007546286,-0.093246563,0.266526821,0.239977825,0.097258934,-0.04636494,0.280160286,0.116463848,0.161972117
1.311456192,0.946927424,-0.548854179,0.625958969,-0.003558627,0.426189398,-0.371385062,-0.343036388,0.035484944,-0.383331807,0.26779316,0.389862984,0.27411388,-0.228130258,-0.069909289,0.164574098,0.141247979,-0.258726043,0.228801508,-0.012593919,-0.273267897,0.10005578,0.009556711,0.322427179,0.068596102,-0.23006775,-0.16491707,-0.229400118,-0.026470983,-0.078202373,-0.056092043,0.066628399,-0.007720021,-0.027004033,-0.164486347,-0.039527488,0.052929309,0.035675202,0.000514974,0.095341987,-0.245684228,-0.071808082,0.439832647,0.145044637,-0.069253891,-0.300687165,-0.167787606,0.307319516,-0.211434534,-0.346877492,0.012967346,0.030513041,-0.154052841,0.274974624,-0.325956607,-0.029915975,-0.142428174,-0.12226189,-0.071339066,-0.186232626,0.338569268,0.359370544,0.132406888,-0.070266974
1.49165934,1.680731532,0.053457563,0.263431606,-0.467687996,0.395243602,-0.407193477,-0.762359204,0.130693642,-0.655391396,0.406139382,0.138369421,0.165489062,-0.081618906,0.038437049,-0.192255404,0.247942592,0.063897445,0.259389834,-0.20912423,-0.024754057,-0.15263152,0.004602856,-0.095408437,-0.226918039,-0.015306388,0.210766841,0.01097243,-0.230969413,0.057429011,0.000440893,0.157680195,0.108768708,0.238961137,0.026278713,-0.003019337,-0.023239917,-0.101751372,0.249514445,0.178844513,-0.025124942,0.035031577,0.141159556,0.292684819,-0.014201696,-0.321485679,-0.406329731,0.126737449,-0.065389314,-0.210101138,0.021432296,0.253894078,-0.103521083,0.00618862,-0.022142289,-0.070368046,-0.148251813,0.426750965,0.091532998,0.162711337,0.011221158,0.152156781,0.495347721,-0.141448298
0.911021458,0.353747246,-0.380964313,0.522230097,0.082402229,0.042375133,-0.146145144,-0.166324582,0.075768269,-0.062405447,0.253178343,0.272607753,-0.126399359,0.114489502,-0.072435964,0.216499422,0.022667548,-0.256481623,0.259351246,0.240353288,-0.131278616,-0.114674303,0.197146985,-0.073990674,-0.016387814,-0.14414656,-0.005585016,0.094224882,0.010234048,-0.022282563,0.069531356,-0.002340064,0.174526605,0.019481672,0.118720507,0.021012675,0.170712436,0.132823993,-0.050412612,-0.256467621,-0.116410076,-0.263072995,-0.028107104,-0.126204557,-0.163992433,-0.090609836,-0.354537829,0.116394791,0.057835928,-0.424661569,-0.107995072,-0.0427531,-0.040398839,0.14807943,-0.150090819,0.10224753,-0.065061118,-0.058524305,-0.026510996,-0.365433819,0.318487267,0.301116614,0.063791939,-0.228594072
0.272214734,0.212504716,-0.027610278,0.002746598,-0.298524678,0.222141138,-0.062235441,-0.319970637,0.351757525,-0.060113645,0.183427984,0.22655786,-0.123358824,-0.348265039,-0.028589219,-0.249923143,0.272268831,0.347645823,-0.050731277,0.037698536,-0.14628861,-0.06967436,0.142985143,-0.139113186,0.015984198,-0.041640025,-0.053428227,0.053297234,-0.192299781,-0.090626638,0.134958063,-0.018592787,-0.048482267,-0.05873699,0.196650427,0.043369229,0.104658845,-0.196689147,0.009010776,-0.07295741,-0.114673252,0.028733211,0.056759214,0.339218861,0.105555534,0.127426018,0.216813682,0.03011579,-0.05673768,-0.007535834,0.114651281,-0.394481448,0.149607107,0.21877964,-0.072054326,-0.114593766,0.051790444,-0.236441076,0.273614172,-0.024854833,0.064410606,0.047699812,-0.045445815,-0.059434903
-1.35147596,-0.888543197,1.241449273,-0.790735966,-0.657684302,0.51797249,0.22185777,-0.092882789,0.084313036,0.961575567,-0.334373615,-0.241420149,0.051496596,0.44736895,0.213497976,0.069039712,-0.654302264,0.226519032,-0.674666806,-0.589772831,0.307877675,0.733306937,0.397594936,-0.044620833,0.56348347,-0.344674853,-0.379193716,-0.057745832,0.16920978,0.397474421,-0.372385104,-0.38997744,-0.422597668,0.036381929,0.272301802,-0.340213878,0.187827018,-0.121764328,0.444384741,0.190345201,0.062177442,-0.142666666,0.262225302,-0.343260986,-0.340504125,-0.011069109,0.011926607,-0.001045644,-0.202489627,0.520445298,0.409263692,-0.048377712,-0.162557704,-0.588096746,0.383200588,-0.038336558,0.014444612,-0.627345508,-0.028077787,0.142909749,0.286656367,-0.19958174,0.365420996,-0.311074541
1.85933169,1.287449094,-0.24982308,0.444292821,-0.269772839,0.816835617,-0.31673882,-0.403799631,0.132433722,-0.087231089,0.425494691,0.081143806,-0.136184336,0.219845473,-0.064353862,0.000710176,0.245971007,-0.140547188,0.057497782,-0.01913151,-0.192535341,-0.06404494,0.074664993,0.100925234,0.019844034,-0.13547697,0.090379171,-0.3676439,-0.417156982,-0.011612205,0.138589299,0.246713423,0.046104717,0.054536325,-0.0792997,0.157860909,-0.028114929,0.068943343,0.283013326,0.014570062,-0.162880243,-0.054366544,-0.026881148,-0.091784281,0.030128764,-0.183964425,-0.14844555,-0.081149557,-0.183232056,-0.47482102,0.041850118,0.14220071,-0.234181201,0.06497699,0.117145414,-0.034635078,-0.386208273,0.047669766,0.04557118,0.134718009,-0.09338955,-0.018757892,0.343894743,-0.055811464
-0.34235692,0.152209702,0.561909067,-0.457256844,-0.068538941,0.108996124,0.043923186,-0.077886252,-0.233219603,-0.0895483,0.14665877,0.254356011,-0.033042695,0.059298597,-0.050145496,-0.230138929,-0.467783721,-0.146641981,0.02233448,-0.197342572,0.219279936,0.404862178,-0.325241861,0.001775405,0.201893618,0.263140641,0.095555721,0.215129588,-0.136242506,-0.12309822,-0.135805658,0.006028415,-0.338443674,-0.193050086,0.193537887,0.099888444,0.137108183,0.077572999,-0.091389437,0.090455546,-0.087979629,0.007185691,-0.104800179,-0.062635505,-0.2458111,-0.042842124,-0.027399959,-0.095129702,0.066480765,-0.189656773,-0.120497883,0.204303714,0.086046978,0.288298577,0.007730194,0.018475559,0.04865965,-0.313659995,0.142138015,0.056993498,-0.101083554,-0.160361716,0.145491423,-0.072019994
1.966754612,1.363317948,-0.212442999,0.696353928,-0.266723377,0.657583077,-0.414377361,-0.276423436,0.361667679,-0.347543754,0.656532829,0.155852414,-0.122023029,-0.020312861,0.109209231,-0.172611306,0.298931601,-0.227521462,0.022633861,-0.102116728,-0.035165347,-0.182145105,-0.088510518,-0.123000626,-0.227953162,-0.001575706,0.254068179,0.105695412,0.225545103,-0.114754495,0.164585171,0.352429382,-0.150029722,0.311434988,-0.397597087,0.050648911,0.178786731,0.04369581,0.439983814,0.240651167,0.245846262,-0.181766168,0.190306496,0.082936757,0.015861075,-0.381040759,-0.150861459,-0.258711481,-0.051945699,-0.716252823,0.349746088,-0.352121578,0.092703654,0.075307861,-0.326983169,-0.084301924,-0.006927573,0.122816678,0.288636791,-0.027884908,-0.135720146,0.387796421,0.18352032,0.109657975
0.218264398,0.052307832,0.251859425,0.339585512,-0.089353749,0.021572313,0.074992958,-0.00387931,0.168570455,0.026639912,0.019714087,0.04515488,-0.01532277,-0.045105034,0.064838407,-0.266953265,-0.050124527,-0.065881115,0.162368048,0.13890846,-0.22079956,0.00024827,0.127897229,-0.096097974,0.078194232,0.057630232,-0.144630827,0.19220624,-0.019557408,-0.100734579,-0.016317206,-0.085148766,-0.088141343,0.075402979,-0.068233075,-0.076135883,0.306062653,-0.072459964,-0.138976894,0.061469994,-0.046429181,0.017488461,0.09479278,-0.006985475,-0.155314435,-0.066032879,-0.078092794,-0.094708191,0.008439442,-0.064990851,-0.039700065,-0.010511914,-0.083535291,-0.004598586,-0.004562736,0.107824508,0.035990167,-0.144103645,-0.041991223,0.100900382,-0.114638691,-0.124127962,0.101469842,-0.010416307
-0.520300514,0.222389693,-0.420205711,0.244622141,-0.33741695,0.247497867,-0.00783159,0.021177633,0.16617688,-0.39349452,0.259434271,0.14158868,0.42323321,0.039406743,-0.221117343,0.024423944,0.168810281,0.200365641,0.69944314,0.143583099,0.242477818,-0.027289025,0.083589167,0.164892943,0.154587837,-0.259085319,-0.019183926,0.007699361,0.203021031,0.187972494,-0.120182202,0.108653521,0.143297292,-0.114773729,-0.000337442,-0.132646854,0.271926446,0.131698343,0.076093852,0.22864908,-0.067279502,0.344059043,-0.018064866,0.010771582,0.116951392,-0.16703377,0.059608826,-0.215647988,0.201938067,0.034059357,-0.069334943,0.18259763,-0.051604691,-0.103956495,0.241177137,-0.22075874,-0.12436544,0.006171424,0.026185862,-0.064516785,0.131808448,-0.204277722,-0.087711246,-0.268062312
0.689091262,0.131953582,-0.608067041,-0.053208484,0.105279188,-0.058187853,-0.194424944,0.0549782,0.122800669,0.09906692,0.57863609,0.095297254,0.068642003,0.008513766,0.159305403,0.195764857,-0.024928495,-0.146208129,0.027764051,0.000621478,-0.246344057,-0.002904384,-0.226473793,-0.204128315,0.100116774,-0.033663849,0.22478576,-0.128105746,0.172058368,0.000817091,-0.200517736,0.002443047,-0.090946615,-0.070258784,0.175534629,-0.042895315,0.017876559,-0.483352327,0.107918619,0.127746183,0.129589399,0.012328184,-0.156162895,0.045224527,-0.018325683,-0.163241867,0.076134976,-0.254074711,-0.130824955,-0.197134789,-0.110727537,0.087701727,-0.01695189,0.131117095,0.152705768,-0.141872161,0.018976812,-0.09640349,-0.006851789,-0.200142088,-0.01785245,0.211058597,-0.231185576,-0.084598362
0.969524346,0.868557062,0.220196139,0.322568139,-0.213533322,0.775358227,-0.117870359,-0.299783942,0.362114668,0.274803403,0.459214724,0.182630721,-0.076911318,-0.051607481,0.038835203,-0.216332418,-0.060411728,-0.015643913,-0.012804051,-0.125646907,-0.067659438,-0.102651231,0.120951592,-0.230573421,-0.055306956,-0.112381084,0.036534392,-0.092482967,0.123475505,-0.09043669,-0.085524472,0.032825031,0.085929298,-0.349851048,0.150818349,0.219582509,0.102433805,0.006982211,-0.030433198,-0.116325452,-0.136807486,0.061662057,0.11537229,0.011708759,0.129362986,0.031400308,0.185488532,-0.017007097,-0.2584735,-0.183404272,0.055577917,0.134062011,-0.122404886,0.33425585,0.046314217,-0.005202635,-0.030369196,-0.134954798,0.343996151,0.077791418,0.021821233,-0.053011221,0.226834142,-0.199826437
0.428766577,0.266900847,0.088653552,-0.06465991,-0.364768426,0.004635569,0.22544011,-0.107351726,-0.241837387,-0.090265884,0.152158653,-0.282691891,-0.14838678,-0.087818393,-0.026798293,-0.089478611,0.158293773,-0.216957859,0.088709737,-0.144044956,-0.289870135,0.144949587,-0.293835121,-0.187919582,-0.139907319,0.149376744,0.055599043,0.024433933,0.149377672,0.1070615,-0.060140013,-0.032033092,0.037886359,0.018201609,0.10375648,0.118093509,0.156052349,-0.14749484,0.149220764,0.034794176,0.125397665,0.019035477,-0.021132879,0.093587737,-0.168972355,0.081007422,0.007606006,-0.092357579,-0.255441698,-0.097363463,-0.210113809,0.007666181,0.230292529,0.001396201,0.074164056,0.055221349,-0.196460161,0.054211047,0.358832135,-0.150095633,0.015533738,-0.083082005,0.025105178,-0.069925187
0.995345674,0.89571607,-0.763427093,0.164229069,-0.086575488,0.44637899,0.159779481,0.009507116,0.003915225,-0.041292225,0.267372523,-0.142009589,0.151720352,-0.164104783,0.053526098,0.11019103,-0.076355354,0.109105847,0.041286905,0.025785315,-0.122084634,-0.136855762,-0.056409176,-0.019073921,0.167499063,-0.050114655,0.155715597,0.012771326,-0.012482908,0.058754528,-0.011243937,-0.022594034,-0.037795805,0.156771353,0.112408238,-0.030284437,0.257683909,-0.134948413,-0.03609467,0.051632928,0.212063955,0.123770034,-0.038782431,-0.046290668,0.082199642,-0.059079429,0.28647693,-0.178658506,0.119215266,-0.152019609,0.00295744,0.093376723,-0.124393667,-0.172987186,0.026397721,-0.137091258,0.127301641,0.120352054,0.26671624,-0.182433954,0.213726751,0.384996729,-0.249980025,-0.040524637
1.290699373,1.040735053,0.032897285,0.496014858,-0.126203973,0.398474801,-0.253844527,-0.322135499,-0.034437775,-0.39027237,0.306878868,0.1977995,0.186384577,-0.264083664,0.125477899,0.087531705,0.204893299,0.100935601,0.162935377,-0.106028531,-0.100491739,-0.102174582,0.044456395,-0.043458199,-0.176826067,0.078062134,0.020704306,-0.232340347,-0.209672125,-0.011988641,-0.089839649,0.228835737,-0.092449652,-0.0603723,0.050582289,-0.056806037,0.134452073,0.308360703,-0.069355408,0.052697607,-0.048596229,0.174481935,0.159248842,0.056627922,0.075736084,-0.041412102,-0.088766163,0.027035497,-0.173316355,-0.097084105,0.020677296,0.126641333,-0.012673465,0.134716707,0.126328464,0.133710355,-0.031392007,0.120429857,0.038151293,-0.061009175,-0.049730104,0.049291297,0.256864494,-0.022296901
0.540707087,-0.133502708,0.006889385,0.218619432,0.000945171,0.116292254,0.038152358,-0.121319568,-0.050192796,-0.233391147,0.146513992,0.030494917,-0.048604354,-0.233479129,-0.063501088,-0.036162451,0.033614323,-0.203174241,0.02776003,-0.20308732,0.047883165,0.011409774,-0.30344344,-0.039632219,-0.055080915,0.161801956,-0.042960708,0.060501846,0.138519761,0.09700372,-0.118454051,-0.025856346,0.227630065,-0.061326928,0.108058331,0.09792191,-0.141367083,0.020984681,-0.05395455,0.031144261,0.147363311,-0.055510529,0.104269725,0.167964251,-0.062655017,-0.140062619,0.020975726,-0.051832136,-0.325497249,-0.119497568,-0.212715865,-0.029529587,0.146182433,-0.06710873,-0.007665008,0.073195633,-0.052979427,0.024139394,0.129040911,-0.132828595,-0.154413526,-0.10693216,-0.069621969,-0.037498487
0.192304032,-0.209356237,0.415893139,-0.012146212,-0.083701293,-0.167718151,-0.035567575,0.166040594,-0.309894534,0.121485329,0.002398277,0.094602735,-0.198821122,-0.021936362,-0.024050033,-0.22689454,0.140115191,0.023846417,0.138503311,-0.225331113,-0.209492781,0.232980647,-0.189907057,0.206736376,-0.177893693,-0.141702135,-0.219085945,0.01771857,0.154570671,-0.229549989,-0.14894634,-0.063465123,0.321465701,0.105727389,-0.229545542,-0.164103836,-0.04326221,-0.186091914,0.014645081,0.152725995,-0.142457582,-0.058266579,-0.035414301,0.115617271,0.024888429,0.024988078,-0.222668665,-0.025212479,0.323198347,0.156805924,0.092172643,0.1627707,-0.099744258,-0.098246083,-0.231714239,0.236829621,-0.152770838,0.082147916,-0.015163485,0.227863979,-0.064824843,0.075265731,0.425801005,0.193988337
0.015242336,0.012590085,0.293710601,-0.010198302,-0.312305653,-0.039326159,-0.248431202,0.074716549,0.017928639,0.247823001,-0.138433127,0.073771288,0.240370597,-0.356921994,-0.051656772,0.196809637,0.028948222,-0.024428539,-0.027202159,-0.022469289,-0.14756911,0.021565354,0.094210059,0.095614991,-0.015422028,0.15818417,0.201345918,0.060954521,-0.253837182,0.327423771,-0.076026201,-0.137202545,-0.101892574,0.006369419,-0.06566207,0.200459466,-0.202009508,0.003782828,-0.104957192,0.375136742,-0.238821813,0.141878703,-0.056486924,0.114907591,-0.101484658,-0.176257589,-0.050127116,-0.294521005,-0.027774211,-0.047485073,0.00786418,0.018637477,-0.009738236,0.165640547,0.043972874,-0.000341731,0.139293759,0.033007316,0.038362784,-0.106030974,0.438776752,0.108102603,0.012357198,-0.076049744
1.252545132,1.552128245,-0.050347296,0.359312506,-0.213548002,0.389070484,-0.398268804,-0.752857268,0.226726283,-0.640839593,0.431883356,0.220551066,0.023862574,-0.083715476,0.078071851,-0.148461506,0.283836468,0.083359622,0.035698619,-0.153585513,-0.003706014,-0.140952509,0.037231573,-0.067745342,-0.217869143,0.060667858,0.130757762,-0.047264579,-0.228588622,0.023650639,-0.051310082,0.07531342,0.041064455,0.196651758,0.006127894,-0.005750812,0.007251844,-0.102539807,0.154838111,0.066443911,8.86327E-05,-0.053619849,0.19385034,0.298607911,-0.101274991,-0.264370165,-0.290471585,0.161790775,-0.062331006,-0.03678611,0.139625567,0.253281874,0.058470567,-0.026816908,-0.083306708,-0.029284825,-0.066586161,0.450442449,0.034573154,0.139367123,0.014936726,0.084465665,0.345178878,-0.055789593
1.245711762,1.048067704,-0.451063696,0.534139341,-0.246914495,0.3699682,-0.199963674,-0.427544674,-0.029861963,-0.395187344,0.051360208,0.188785363,0.214097706,-0.12033017,0.023745049,-0.252016267,0.056725138,-0.078703629,0.136459747,0.013986792,0.039202308,-0.16101049,0.058643364,-0.247183393,-0.161007039,0.042538456,-0.026724587,-0.001495821,0.006792182,0.038874187,0.213427385,-0.178091311,-0.064134139,0.054423705,-0.208708253,-0.031654096,-0.100399048,0.252225922,0.09311279,0.141222247,-0.217896858,0.078666711,0.157567863,0.194026734,0.128085099,-0.169873453,-0.050430575,0.033722736,-0.051843554,-0.266244154,0.12662,0.013404943,0.010833543,0.056340602,-0.024338548,0.005375438,-0.113109661,0.210856705,-0.033639914,0.12832084,-0.049550181,0.153685456,0.290272711,0.062647632
2.396129811,1.375701179,-0.569003243,0.819912702,-0.213952564,0.956672943,0.050042171,-0.401525276,0.074039652,-0.148297898,0.077161445,-0.002680516,0.549490517,-0.033802104,0.220243788,0.251608884,-0.530855049,0.001356637,-0.094089255,0.101019422,-0.211357369,-0.110613421,0.093668648,-0.332209735,-0.250663734,0.031166349,0.251538612,-0.282985428,0.016242383,0.004972196,0.362410955,0.188851193,-0.026493257,0.198127809,0.15693216,0.475887289,0.068904991,0.491636694,0.153217014,-0.059665423,-0.098882543,0.043547966,-0.167445707,0.392428739,0.163310306,-0.181818877,-0.367381383,0.321749289,-0.154575989,-0.235407378,0.276687116,-0.082468607,0.351696656,0.247350978,0.177031958,-0.056937666,0.011627433,0.074460063,-0.191792373,0.066599187,0.046848138,-0.283076984,0.150458043,-0.118333008
-0.159158912,0.161749351,0.334733126,0.378803306,0.066807197,0.09410654,0.067873005,-0.425541379,-0.055103861,0.04904121,0.516303851,-0.106666272,-0.187429721,-0.07404647,-0.152901147,-0.221737499,0.120194111,-0.161851889,0.113098295,0.232938376,-0.196235883,-0.184016122,0.26704754,0.079902527,-0.14578472,0.117607323,-0.317867976,0.153373246,-0.23576026,-0.184659783,-0.044897844,0.002146679,0.106691454,-0.166325744,0.146101862,0.056751832,0.148817966,-0.205525992,0.077896784,-0.174762007,-0.231374789,0.170408286,0.318866219,0.104275881,0.177149371,-0.039038724,-0.149200839,0.095270967,-0.348953487,0.040368562,-0.013683503,-0.040907069,-0.193488543,0.094067979,-0.135503911,-0.028756067,-0.112172959,0.01985254,0.089818603,0.164487808,0.132256581,-0.021082143,-0.021965982,-0.022590919
1.820860597,1.172593623,-0.334200876,0.158811023,-0.301909775,0.475660653,0.431815793,-0.0520828,0.026499443,-0.338893798,0.306939753,-0.153098183,-0.122619347,0.063648934,0.042217022,0.178780519,0.234667944,0.530163149,0.083665613,-0.009498389,-0.072916634,0.116211405,0.131696962,-0.058608927,-0.00714411,0.064083402,0.213004392,-0.113962488,0.034233456,-0.056344079,-0.045975098,-0.128418415,0.074536261,0.087571248,0.123440332,0.203719012,-0.130837732,0.494824711,-0.303347172,-0.052262227,0.241002594,-0.025483028,0.105787437,-0.194222641,0.006217563,-0.179437065,-0.0635278,0.331364515,0.075875743,-0.246160505,0.050565572,0.203018229,-0.168764666,-0.003248926,-0.20259741,-0.230494484,0.074109146,0.103215673,0.198273753,-0.304336463,0.097495259,0.161889178,0.189071569,-0.174133992
0.411315719,0.170567628,0.134794705,0.063983934,-0.371626494,0.342491924,-0.112469046,0.035736486,-0.02426635,0.685178206,0.228872367,0.118095283,-0.267331982,0.386795129,0.108794646,-0.315993099,0.189980343,0.184985734,-0.107003567,0.314452473,-0.006307558,0.28911009,0.116552115,-0.263678415,0.191738246,-0.190515577,0.053530505,0.201642259,0.131975491,0.075737506,0.003268913,-0.131200049,0.069290267,-0.015693988,0.101518544,0.047577484,0.014611726,-0.144840878,0.202341034,-0.093485647,-0.208754724,0.057473795,0.075336444,0.124536903,0.174705003,-0.127377669,0.170645563,-0.107962201,-0.063330578,-0.248574922,-0.304409133,0.01504911,-0.137238565,-0.057922227,-0.313334615,-0.104031522,0.011074506,0.210203327,0.143185421,-0.41574506,-0.170609868,0.168501931,-0.205623373,0.017354999
0.993267486,0.32031098,-0.633897053,0.125894244,0.053160171,0.468446208,-0.108528499,0.126586961,-0.08769034,0.063132917,0.332500911,0.014637153,0.059423178,-0.215700781,0.235018328,0.186305069,0.001931699,0.018678348,0.112872745,-0.027491174,-0.188402295,0.182670594,0.099820124,-0.30608187,0.024304421,-0.21762334,0.078812948,-0.251065412,0.016801443,0.121952596,0.019689106,0.118662878,0.163332214,-0.180679124,0.103082796,-0.003197531,0.012329337,-0.291458571,0.094259166,0.06654179,0.059886809,-0.069178727,-0.119240461,-0.042180947,-0.03891205,-0.101268202,0.034352413,-0.051905753,-0.047647444,-0.069441245,0.008384773,0.10788439,0.151668691,0.129330851,0.322323013,-0.077162467,0.005604742,-0.093217071,0.133880593,-0.212286953,-0.004653624,0.187861035,-0.118320453,-0.342677993
2.191030513,1.553986054,-0.391989027,1.01236068,-0.353048068,0.484154389,-0.213814681,-0.57196608,0.067843252,-0.680814046,0.429812328,-0.061974277,0.314805593,0.043928262,0.219743148,-0.27647015,0.392933298,0.293785593,0.237521013,0.10013632,-0.700274443,0.01122693,0.284768287,-0.116027837,-0.387369096,0.123064605,0.046050325,-0.286725578,-0.302721015,0.080270515,0.085432952,0.027448598,-0.045824281,0.250833932,0.129235321,0.090332222,0.16901226,0.219672691,0.088521734,-0.003981044,-0.120328154,0.052992216,0.238485168,0.080228523,0.125687741,-0.157237271,-0.203781787,0.279165096,-0.135920834,-0.249246783,-0.054835425,0.055341889,0.003260536,0.151432477,-0.062230634,0.07218474,-0.019767902,0.201525859,-0.034705124,-0.090991477,-0.070435374,0.070415507,0.142758168,-0.027309156
-0.216496758,-0.148481454,-0.464074468,0.143752108,-0.020634762,0.364270938,-0.31686138,0.036662619,-0.332745112,-0.127481738,-0.114981957,0.553150041,-0.062635604,-0.123792374,-0.031620546,-0.174748335,-0.009760958,-0.308677464,0.305617068,-0.119958316,-0.053937471,-0.023229819,-0.21571648,0.184382794,0.206167941,-0.247619472,-0.054991501,-0.236171934,0.076189362,-0.101740477,-0.095552542,0.509285249,0.095901574,-0.000985448,-0.20055319,0.057023746,0.170727268,0.058117486,0.125934024,0.044482264,-0.111083263,-0.469657313,0.187901719,0.39959834,0.120973111,0.009776218,-0.101209911,0.150332259,0.149727876,0.031363394,-0.297801285,-0.070859746,0.080812147,0.044757423,-0.085804673,0.18309435,-0.024861565,-0.075236444,-0.081587125,-0.140093685,0.357114749,0.068161822,-0.013272501,-0.046796285
0.501197685,0.128688726,-0.046030179,0.431279202,-0.118481847,0.447963059,-0.247861779,0.150760414,-0.026942943,-0.002132304,0.129585229,-0.105592843,-0.319098497,-0.095874059,-0.013357371,-0.051281374,-0.104584099,-0.042336972,-0.26110605,-0.007256412,0.020101323,-0.021877128,0.182636083,0.117165421,0.097315366,-0.147696833,0.139859072,0.132858179,0.081251106,0.045530852,-0.090166348,0.151538125,-0.132430714,0.200546286,-0.234250599,-0.116067613,0.135688003,0.096864089,-0.012267026,-0.239650566,-0.199893556,0.106269941,0.178193311,0.135652908,0.061917165,0.025661879,0.062422786,-0.060452607,0.120643041,-0.256590779,-0.251738235,-0.132617079,0.054303132,0.111976528,-0.045403241,0.049267384,-0.197594818,0.129424932,0.037605382,0.008007006,-0.073961384,0.026007614,0.143355101,-0.046190159
0.578820777,0.392593963,0.337039653,-0.118352098,-0.203972344,0.418304228,0.164844209,-0.15789294,0.010375497,0.143317475,0.214311031,0.127505605,-0.116953195,-0.036055846,-0.1346438,-0.057695005,-0.475869986,0.568183754,0.344154906,0.079524863,0.215556938,0.164374451,0.040645571,0.012983447,0.066663345,-0.420985121,-0.257505167,0.242992699,0.208330679,0.386892619,0.087438736,-0.031673311,-0.355380447,0.006374894,-0.270030815,-0.035954546,0.074967948,0.155046565,-0.283536901,-0.093390776,0.227058084,-0.17466496,-0.070153676,-0.176046522,0.356678876,-0.033266012,0.011791869,-0.045127046,-0.1019988,0.045864449,0.345562615,0.075876669,-0.418968649,-0.339567887,0.116402577,-0.212297471,0.049705711,0.127526315,-0.027145794,-0.266860305,-0.068338743,0.204337626,-0.033754263,0.029365608
1.715506858,1.345987699,-0.14319329,0.661150222,-0.36679944,0.792151755,-0.279663731,-0.392272472,0.033929567,-0.071569607,0.418615146,0.02828561,-0.112651866,0.119485796,-0.099377222,-0.013200053,0.160467878,-0.172080866,0.099791256,-0.006779695,-0.29574627,-0.079354895,0.177464165,0.074582931,-0.092193257,-0.189589304,0.102309787,-0.392308604,-0.317531903,0.037499925,0.137887286,0.213625134,-0.005190466,0.231938782,-0.11413521,0.16448275,-0.121834367,0.085020543,0.324672958,0.053285299,-0.159346551,-0.010174963,-0.003599819,-0.104806306,0.052265243,-0.240998752,-0.088524579,-0.089216081,-0.156849186,-0.416896594,-0.045338614,0.138817183,-0.049904962,0.075514845,0.082416759,-0.039567297,-0.320574441,0.036343545,-0.021331275,0.176940455,-0.102238304,-0.1035764,0.304760464,-0.02940362
0.852221757,0.120081233,0.286604793,0.02438976,-0.426651061,0.285055824,-0.020602521,-0.13007793,0.017875131,-0.134105195,0.153867301,-0.088749634,0.014764767,-0.213092326,0.136085468,-0.244561584,-0.023397189,0.066753278,0.017849208,-0.194147052,-0.368038707,0.151202792,-0.126703211,0.310545337,-0.0848051,0.040551685,-0.248637224,-0.03886027,0.179490683,-0.062947026,0.066664742,-0.135299929,0.183834039,-0.10406787,0.041831215,-0.165827395,-0.05221139,0.021177806,0.039316678,-0.118035601,0.023378027,-0.096767578,0.081843033,0.106169961,-0.216901345,-0.161621458,0.023127245,0.084085424,0.040365161,-0.079964834,-0.006802963,0.051612438,0.126876903,-0.149718369,-0.117597323,0.026026354,0.26106367,0.200680046,0.018527411,0.21699404,-0.243095409,0.124050668,0.11384129,0.050629337
0.37698148,0.118237399,-0.082289243,0.471332643,-0.022552533,0.553732673,-0.465430523,-0.109781066,-0.087768305,-0.186635009,0.364548951,0.645678502,-0.298807436,-0.270814988,-0.157544585,-0.322060748,0.386800133,0.065642683,-0.092717131,-0.085044966,0.105152154,0.092290427,-0.225741525,0.226656218,0.216931963,-0.10371885,-0.307677919,-0.250247433,0.204545785,-0.02161309,0.325937473,0.380243229,0.004000092,-0.057864351,0.152930714,0.130601637,0.232061176,0.110871869,-0.094530122,-0.151525021,-0.305721161,-0.12777403,0.058511996,-0.049698235,0.009985925,-0.059509362,0.046177009,0.16699751,-0.039840113,-0.112848713,-0.361505622,0.32663563,-0.039401843,-0.035542531,0.131204414,0.291612832,0.04832083,0.027544078,0.001003817,-0.114024,0.539055789,-0.112582695,0.145552823,-0.125617308
0.280362335,-0.620661205,0.599245885,-0.108228981,-0.244255165,0.502810838,-0.103901688,0.031023181,-0.191987803,0.762943279,0.110954424,0.080972824,-0.282113145,0.089661408,0.488840211,-0.339156229,0.446458932,-0.140661871,0.095788888,-0.069958735,0.323457656,0.323952122,0.167617909,-0.479785602,0.098144662,-0.177823183,0.026883238,0.259352573,0.216342585,0.150804722,0.050098264,-0.498920475,0.204499799,0.429067971,0.398916758,0.216199135,0.139467406,0.475862426,0.138751836,-0.172835305,-0.197778889,-0.457500786,0.303924765,-0.35623701,0.212270471,0.24024775,-0.029171888,0.144075348,0.081187283,-0.615652266,-0.152359746,-0.067320912,0.217308953,-0.15492931,0.066216267,-0.108620956,-0.100160534,0.219685434,0.052309528,-0.203087521,-0.21489041,0.049854838,-0.199926728,0.216948403
0.313746643,-0.286271166,0.316836035,-0.134607632,0.194035742,-0.214370343,-0.378164011,-0.064200174,-0.132278698,0.143648128,-0.268297075,-0.197679317,-0.046391938,0.000889229,0.080426132,0.073199861,0.144680623,0.111823852,-0.071666469,-0.154084841,-0.213343309,0.339483698,0.23156253,0.115145306,0.17332022,0.125202961,0.020017375,-0.01204026,0.004174673,-0.321545722,-0.056637679,-0.167332595,-0.077948226,0.119956081,0.098059841,0.082637083,0.074902407,0.01402653,-0.30681017,-0.14593386,0.146824547,-0.285115118,0.364456547,-0.070263259,-0.100578081,-0.176251369,0.019364157,-0.006088445,-0.160276518,-0.197009361,-0.104111526,-0.133161336,0.152815161,-0.179856637,-0.156012715,-0.046804222,0.160853702,0.10354547,0.141959791,0.144760101,-0.104075495,0.002578313,-0.329603476,-0.054195067
0.504447461,0.432529596,0.420856681,0.085850573,-0.072356854,-0.145691783,-0.017113282,0.112637878,-0.223400175,0.135718381,0.008299259,0.117256426,0.141442535,-0.101568903,-0.145767658,-0.373670756,0.125872231,-0.050177206,0.246494067,0.314834972,-0.147611652,0.373210955,0.077185227,0.144287107,0.053985421,-0.149151816,0.086040111,-0.166268507,0.069363531,0.045959711,-0.232669276,-0.410170791,-0.019544073,0.155490689,0.31731627,-0.140341216,-0.146155767,-0.12659147,0.224875796,-0.085840257,-0.196877482,0.291174302,-0.283447943,0.007333853,-0.028081632,0.231038128,0.003330651,-0.061904058,-0.258752244,0.178510922,-0.207993635,-0.158053754,0.18523978,-0.112893051,-0.118645828,0.136308206,0.000172416,0.176392302,0.370863837,0.069889629,0.130144053,0.223561612,-0.004877868,0.180220463
0.807933805,0.08610096,-0.11169345,-0.353907387,-0.266890876,0.457910983,0.509616976,0.44544749,0.182790815,0.237240082,-0.012189298,-0.513362834,-0.07281619,0.020904591,0.097949822,0.030470774,0.252491859,-0.354762168,0.012127342,0.231947113,0.211724963,-0.137051321,0.401991558,-0.156915068,-0.466196577,0.379028553,-0.11817571,-0.130976177,-0.363028369,-0.147353993,0.320356286,-0.238796373,-0.447399104,0.233449657,0.357144228,0.130155353,-0.095964766,0.131986217,-0.224518527,-0.221047298,0.330259876,0.343396506,-0.016788381,0.248530504,-0.301112551,-0.385724744,-0.047528707,0.209070579,0.258564151,-0.222493771,0.230022946,-0.164793164,-0.030518504,-0.137820027,-0.01543178,-0.072661214,-0.029680995,-0.003293918,0.268481483,-0.200438558,-0.036150383,-0.043338784,0.07595084,0.201521413
0.219198695,-0.049067747,0.122251799,0.091790982,-0.166014456,-0.096448858,-0.09829806,-0.029938893,-0.020487424,-0.367345191,0.185046116,0.143662574,-0.254354899,-0.028845981,-0.10445837,-0.025429878,0.229968725,0.154676132,0.136104326,-0.23998756,-0.190747782,-0.153592344,-0.054948046,0.112140607,-0.2285155,-0.114040115,-0.031528495,0.181822285,0.11398965,0.180389977,-0.067602826,-0.112562689,-0.157347522,0.173329415,0.222481441,-0.185698216,-0.489654762,-0.036023637,-0.054395963,0.290283604,0.052018173,-0.374060157,-0.065610621,0.073088345,-0.269418502,0.044582026,-0.262951391,0.007358681,-0.175844465,0.083504908,0.347017319,0.142088501,-0.103267009,0.135800989,-0.15592248,0.086915838,0.138491511,0.15646214,0.037024184,0.213338928,0.091704726,-0.196725886,-0.301215045,0.00460592
-0.148472783,-0.522605444,0.131847666,-0.223088081,0.303125256,0.217375878,0.168867358,0.317373932,-0.270043604,0.3930316,0.000573335,0.14702027,-0.29523039,0.376810403,0.120472344,0.089672668,-0.165075653,-0.050143912,0.110041225,0.266481069,0.259528901,0.362748622,-0.004334218,-0.216069283,0.355101466,0.430143036,0.049979044,0.09724826,0.000332425,0.379699754,-0.2318404,-0.253477796,0.20653177,-0.381736488,0.263827282,-0.181966089,0.127748802,0.311908173,-0.206836854,-0.023268241,-0.118848411,-0.185047299,-0.25657404,0.014319457,0.397829337,0.180411894,-0.059314382,0.189515331,-0.170771135,0.184608028,0.041937366,0.132658342,-0.329600629,0.00385339,0.521092134,0.087555303,-0.174840888,-0.078125955,-0.033244393,0.076220869,0.004233834,0.225121572,-0.021922216,-0.012416856
-0.883175979,-0.448536227,-0.632060449,0.363044929,-0.147362104,0.277027752,-0.33269666,-0.168033345,-0.446375447,-0.177642281,-0.229991618,0.116753474,0.287345413,0.071124649,0.069428115,0.368572018,0.237656171,0.272467871,0.011576929,-0.276301156,0.415224117,0.002519688,-0.083629994,-0.155402851,-0.024838462,0.204734646,-0.260975974,-0.091690732,-0.01623332,0.143078771,0.116607578,-0.280014575,0.086691888,0.110828362,-0.103563148,-0.094312413,-0.075208274,-0.138293239,-0.112713889,0.014949427,-0.180071568,-0.194620869,-0.271771459,-0.030312237,0.01095057,0.14371188,0.092815811,-0.09347016,-0.147044084,-0.021984058,-0.246845827,0.183488438,-0.045206599,0.004980153,0.124132605,0.045542218,-0.03589647,-0.112889106,-0.172148088,0.13754489,0.033984358,0.174840007,0.067371738,-0.142564466
0.309888682,0.412833488,-0.291269313,1.01642344,-0.3502756,0.23019717,-0.120218737,-0.296487853,-0.239193195,-0.085914941,0.0593251,0.014417346,-0.104877915,0.049875122,0.061107461,-0.16658329,0.031315878,0.154100006,0.370991069,-0.067876857,-0.21712735,0.177239509,0.089451732,0.096968296,-0.231835113,0.046752836,0.060002454,-0.02556973,-0.066156522,0.061443585,0.056403506,0.084640998,0.038454484,0.150512383,-0.010531894,0.183102736,0.03203433,0.064915978,0.162664346,-0.070305517,-0.06691708,0.006520462,0.125141746,0.050098354,-0.029040503,-0.196277409,0.030217976,0.206659099,-0.041765452,-0.240394512,-0.077666946,0.116832015,-0.01636726,0.220257007,-0.042557614,-0.057756965,-0.062305331,-0.004665864,0.022880016,-0.062508828,0.105242461,0.003366252,0.031175669,0.020700575
-0.359819202,0.360445012,-0.308864829,0.565127858,0.278093962,0.558719185,0.424609574,-0.141103293,0.226439598,0.173680528,0.353232508,-0.231379624,0.051212756,-0.115398506,-0.113313174,-0.359771498,-0.095238503,-0.048145082,0.36151887,-0.2211876,-0.431417953,0.18601491,-0.034558639,-0.063998438,0.24076494,0.205285898,-0.303585044,0.469792274,0.065224004,0.143101703,-0.121028809,-0.00254775,-0.1542245,-0.355908151,0.149429298,-0.083020602,0.280803697,-0.05867678,0.172596897,-0.207629737,-0.164164728,0.062537502,-0.037837016,-0.07537136,-0.006871096,0.261176121,-0.093838699,-0.265976769,0.268887899,0.159640003,-0.050854176,-0.18944913,0.027780535,-0.179192787,0.105499195,-0.065750839,-0.045382101,0.095408765,-0.005950532,0.11683916,-0.083837035,-4.06076E-05,-0.116103236,-0.182295998
-0.255584751,-0.312343815,-0.000966927,0.163202008,-0.073167234,0.299613653,-0.504914967,0.293187788,-0.100905267,-0.118898692,-0.259845583,0.145008826,0.152092744,-0.003553887,-0.175153545,-0.033426587,-0.045128362,0.102224917,-0.000292437,-0.108674058,-0.355624312,-0.225218299,-0.097294932,-0.316524669,-0.03837242,-0.154888556,0.141143044,-0.027929911,-0.116871466,-0.059235229,0.146520482,-0.244029153,-0.203003571,0.055083521,0.128505511,0.010952547,0.260078565,-0.021802329,0.245098041,0.067661448,-0.282916994,0.116118395,-0.056074615,0.075686685,-0.190677817,-0.001868159,-0.143211865,-0.098497363,-0.142803817,0.074518399,0.125071432,-0.226272626,-0.113525452,-0.21183391,0.122598992,-0.105042534,-0.039737273,0.049528399,-0.010168291,-0.038895272,-0.068679092,-0.161703081,-0.030154002,-0.009821154
0.138726577,0.513903091,0.537893068,-0.226448555,0.157716275,-0.214402583,0.045499051,0.480710274,0.03388936,0.298451751,0.116521988,-0.026880307,0.126004146,-0.518451433,0.68943932,-0.582784083,0.264980875,0.149736278,-0.057121518,-0.121959096,-0.059911255,0.177492073,0.073441356,-0.368361698,-0.386747571,0.234164807,0.055667641,-0.225719314,-0.121551967,-0.039670092,-0.129408794,-0.03501852,-0.107932887,0.166026711,0.108027992,0.085744152,-0.079190106,0.082499293,-0.080271744,0.164596228,-0.14051564,0.197843102,0.165195298,-0.121486473,-0.271756486,0.045850113,-0.109837616,0.004637765,0.234666922,0.124892647,0.095060911,0.303426826,-0.012404171,0.23047287,-0.279054995,-0.264844246,0.013338824,0.003577471,0.065568193,0.059516751,0.065626943,-0.169311046,0.036384669,-0.246027139
0.023925022,0.021612417,0.066887626,-0.025284757,-0.248997994,0.204520909,-0.340332698,0.045749659,-0.014558389,0.052184497,0.303565854,-0.026136462,-0.273479148,0.155993252,0.11115694,0.058997779,-0.066319542,-0.038388205,0.041040952,0.044488456,-0.025204355,-0.04512486,-0.237098103,0.028898819,0.086322252,0.111007146,-0.102708258,-0.197304498,0.027429667,0.053110362,0.060118243,0.180779612,-0.174398199,0.088732064,0.101349274,0.066284319,0.020303857,-0.061506805,0.042068931,-0.013548325,-0.186498265,-0.097517746,0.001523569,0.13943919,-0.145281351,-0.017186634,0.010660191,0.024502742,-0.139362857,-0.092882044,0.023623223,0.058280178,-0.014060897,-0.011678493,0.06879222,0.060081549,-0.092827236,0.060633481,-0.020906382,0.05180171,0.125636285,-0.087352578,0.049180343,-0.019285507
1.173116527,0.960001636,-0.021761783,0.18882448,-0.709086941,0.4583261,-0.263233135,-0.050735352,0.034129066,-0.324473724,0.151794751,-0.116240553,0.036294947,0.195951725,0.12469893,-0.092377053,-0.047038394,0.069767515,0.17405091,-0.038421444,-0.130138692,0.134869618,0.117172074,-0.103740811,0.091218368,0.142328676,0.09179383,-0.116843412,-0.099845224,0.086051886,0.041337476,0.074528494,-0.019721899,0.154248429,0.285997564,0.177882945,-0.029124572,0.036725011,0.068378956,0.009678692,0.103141027,-0.121937645,0.166246061,0.047937711,0.061158013,-0.215686574,-0.04294279,0.350514948,-0.056329853,-0.373942256,0.094038611,0.170330703,-0.24212874,0.178502932,-0.219264637,0.005538789,-0.260101372,0.041205332,0.052537293,-0.221625678,0.060173804,0.135304317,0.060867204,0.03133343
0.053111071,-0.133495247,0.005296615,0.381567521,0.127263914,-0.066109125,0.06902331,-0.154396394,0.213292033,-0.01883777,-0.569808403,-0.05147849,-0.320593572,0.272343699,0.154702717,-0.120105142,0.513564123,-0.416625701,0.409142234,0.012632155,0.113643296,0.482160438,-0.030439083,-0.05146497,0.027053446,0.34904945,0.074787723,0.062491428,-0.032562209,0.121753488,0.017073186,0.125256085,0.436379965,-0.060622682,0.333143762,0.103730187,-0.052416934,0.095656775,-0.137020906,-0.099836614,-0.149360652,0.3273221,0.238739654,-0.088742282,-0.073615341,-0.038142359,-0.117960542,-0.240653072,0.112734465,-0.076567645,0.026247324,0.261398735,-0.123667858,0.150814273,0.040750592,-0.101779005,-0.008669509,0.112310525,0.233981611,0.14625661,0.044855653,0.125648019,0.156216749,0.016162384
0.739310661,0.481710671,0.283068302,-0.019288287,-0.549670994,0.376761421,0.002565142,0.153602832,-0.229357022,-0.194938658,0.256100781,-0.131548868,-0.1440337,-0.25917536,0.01019295,-0.158569593,-0.010867639,0.012590495,0.339481933,-0.227254768,0.100115154,-0.06553032,0.27930148,-0.265217457,-0.095680212,0.129905006,0.175779563,-0.191888322,-0.096153787,-0.027962454,0.089592096,0.127796979,0.241883809,-0.020211697,0.213762285,-0.050997264,-0.2045287,-0.189643313,-0.053292182,-0.015016378,0.227472907,-0.265660095,0.18698038,-0.007049484,-0.194494577,-0.085706729,-0.261219585,0.296452848,0.066788005,0.127253325,-0.231729855,0.057820067,0.043661959,-0.126297454,0.132156946,-0.04016722,-0.134454227,-0.292690487,0.490808264,0.036277598,0.108896397,0.164553013,0.004174455,0.200623326
0.324847377,0.085413665,0.414054268,-0.1351599,0.059729301,0.234184981,-0.207300665,0.029586691,-0.048550092,-0.097416547,0.231653294,-0.12065421,-0.38995799,-0.349259055,0.184417713,-0.01243538,-0.1522,0.3151463,0.052625325,-0.065678928,0.194998851,0.169681341,0.19983958,0.143615242,-0.122582673,-0.179533494,-0.034160904,0.225605833,0.254120609,-0.202918027,-0.150416119,0.039978733,-0.072336099,-0.054379462,0.034417798,0.090041276,0.126681092,-0.215365501,0.038001018,-0.115969209,0.009887941,0.083852131,-0.016202091,-0.112542794,-0.254809968,-0.029191617,0.002988058,-0.24438124,0.030297132,0.054696163,-0.060586853,-0.085681877,-0.018182096,-0.230569525,0.180624669,-0.020054644,-0.006079072,0.100180793,0.055614187,-0.076322924,-0.002102462,-0.069600894,-0.002987555,-0.082130651
-0.134431638,0.260225998,0.355653053,0.137735721,-0.656840031,0.306445304,-0.611379542,0.146897113,0.342022639,-0.275337774,0.112952758,-0.165610295,0.119036207,0.280960055,0.081471058,0.012001861,0.142884237,0.154524474,0.078600967,-0.071873147,-0.514615296,-0.167690943,-0.206224558,-0.189569279,-0.02752833,0.05003209,0.009362755,-0.146550959,-0.168921173,0.053459489,-0.00431549,0.130570374,0.13724447,0.008526379,-0.095942576,-0.009010499,0.001048833,0.166352326,0.112027261,-0.15685879,-0.022248435,0.042586445,-0.003011141,0.091715701,-0.138043721,-0.047180022,0.011296912,0.194332906,-0.005652409,0.02113911,0.252214334,-0.139980314,0.000597465,-0.150885306,0.103768399,-0.174011621,0.15161395,-0.03522618,0.096398602,0.037590581,0.050668994,-0.057435061,0.076676954,0.045805581
0.07506888,0.192120236,0.404704577,-0.070312661,-0.239917094,0.001009332,-0.039133824,0.096477643,-0.101236868,0.045686394,0.126725485,-0.007148193,0.184537589,-0.17753163,-0.109673235,0.210252818,0.125292614,0.064608179,0.066302577,-0.029456789,-0.006833812,-0.036404337,-0.0102779,-0.018485454,-0.106966213,-0.042784033,0.015881107,0.046968111,0.117629856,0.020085022,-0.175306808,-0.017580687,-0.078513511,0.077831528,0.11121759,-0.130845039,0.143009285,-0.078604506,-0.008805942,0.083226974,-0.027180315,-0.023776834,-0.127195591,-0.072571268,0.014574855,-0.055536936,-0.046226364,-0.052768701,-0.217175281,-0.127529431,0.141769853,-0.053294402,-0.212034544,-0.101115496,-0.032520948,0.10562868,0.05261281,0.006701216,0.041607953,0.088754146,0.073159997,0.038902522,-0.000207219,0.035589595
1.27372676,0.930095046,-0.034129667,0.629391913,-0.399815387,0.428421776,-0.186554031,-0.038503023,0.24662846,-0.087050487,0.062454464,-0.10989718,0.369755847,-0.13082839,0.064082275,0.033748073,-0.181502839,0.144544261,-0.073644882,-0.012379405,-0.447704992,-0.173812405,0.095988808,-0.535169728,-0.187167429,-0.059277563,0.109922167,-0.245028456,-0.042408575,-0.110762456,0.151297863,0.148275074,-0.151494123,0.168409091,-0.013751889,0.298040805,-0.003442625,0.284028276,0.129356494,-0.12732329,-0.211116972,-0.170503425,-0.068944252,0.128687426,-0.105984234,-0.149463685,-0.158236852,0.101508144,-0.108376251,-0.086662425,0.245156088,-0.184144849,0.235498179,0.127100782,0.326536552,-0.061357113,0.047272491,-0.010603124,0.131039659,-0.15936202,0.007022221,-0.259917481,0.160744204,-0.070311397
-0.18948865,0.04375599,0.220992419,-0.178273948,0.100973032,-0.324627245,-0.068133775,-0.129827786,0.157385474,0.00068222,0.246871382,0.306298126,-0.315446668,0.130188114,0.237117767,0.137857821,0.067176461,-0.15169675,0.276548578,-0.035854296,0.152309451,0.106814689,-0.186262998,-0.054639479,-0.271092015,-0.175107444,0.137909647,0.089147786,0.194319664,0.119632448,-0.197014804,0.086417166,-0.042412098,-0.096631196,0.04623957,0.03419318,-0.187551546,-0.060046376,0.545295216,0.0278718,0.030527647,-0.089253469,-0.107217557,-0.072028806,0.099499971,0.398048073,-0.0825237,-0.096162463,-0.082692371,-0.013719889,0.441814242,0.090151139,0.023988282,0.10840565,0.139965488,0.002944776,-0.167131938,-0.013418157,0.111294439,0.208892635,-0.068686532,0.090488127,-0.068297919,-0.001327104
0.309254667,-0.235517315,-0.215557135,-0.054821286,-0.224458659,-0.379826439,-0.072469374,-0.380758612,0.145938938,0.013631074,0.11057275,-0.147111935,0.027406089,-0.056529213,-0.137361963,0.3055969,-0.149986183,0.431396371,-0.045776152,0.171157574,0.019831175,0.111283857,-0.049068745,0.086402992,-0.109650539,-0.057904319,0.409294049,-0.214265165,0.217797773,0.147610367,0.266651022,0.051705246,0.158019317,-0.150736882,0.385558411,0.006582646,-0.003527195,0.061859815,-0.027818038,0.020091878,-0.040546413,-0.101894696,0.192100375,0.084814718,0.139257372,-0.084079766,-0.105693537,-0.053217573,-0.025542329,0.157730017,0.078770425,0.18407155,0.13225031,-0.14648952,-0.003571171,0.150618898,0.041096568,-0.022652398,-0.057342984,0.03628513,-0.05588042,-0.204059917,0.05670758,-0.169450558
0.361207207,-0.474731349,-0.098330355,-0.027545557,0.180463101,0.294017669,0.032157122,0.086928561,0.04240424,0.042114746,-0.135398131,0.251640471,-0.399328687,-0.048907429,0.014039384,0.052944222,0.144121829,-0.03804995,0.002471245,0.045673837,-0.057335988,0.183990497,-0.088435457,0.145338407,-0.26304314,0.020396274,0.001198354,0.071143682,0.25832722,-0.020212908,0.010292934,-0.21108401,-0.05884495,0.053258483,-0.182112478,-0.031765485,-0.28583369,0.139550938,-0.047379812,-0.11057322,0.357487951,0.068616513,0.023729989,0.005094961,-0.013181689,-0.003035316,-0.151674165,0.065412773,0.131031983,0.14699563,-0.237080603,0.0569055,-0.083045643,-0.216772114,0.059072566,-0.206946541,-0.259297853,0.228304426,-0.016328458,-0.146069221,-0.045677641,0.125115829,-0.169461937,-0.11888079
-0.074300885,0.521009156,-0.17922577,-0.423715281,0.084467397,-0.014995124,0.068761411,0.002917498,0.275348106,0.154897593,-0.090335458,0.266049425,0.282250708,-0.27906153,0.224352379,-0.242477774,0.045173826,-0.005663073,0.182429908,-0.350771934,-0.163052341,0.162661015,0.01802317,-0.25208589,-0.056591453,0.048063797,-0.094399545,-0.101521302,-0.065585735,0.210512755,0.392692845,-0.119949247,0.166827021,-0.036817239,0.116348424,-0.150211961,-0.066420217,0.024435813,0.011695084,0.008985009,-0.466317093,-0.190944228,0.040798862,-0.174075549,0.074930225,-0.096307054,0.082655612,-0.196183926,0.104259214,-0.016105702,-0.147159929,0.052890767,0.164161832,-0.10619074,-0.066371363,-0.09149486,0.056424793,0.081354927,0.27322899,-0.020141708,0.118588852,-0.085225269,0.156267939,-0.062747272
-0.074300885,0.521009156,-0.17922577,-0.423715281,0.084467397,-0.014995124,0.068761411,0.002917498,0.275348106,0.154897593,-0.090335458,0.266049425,0.282250708,-0.27906153,0.224352379,-0.242477774,0.045173826,-0.005663073,0.182429908,-0.350771934,-0.163052341,0.162661015,0.01802317,-0.25208589,-0.056591453,0.048063797,-0.094399545,-0.101521302,-0.065585735,0.210512755,0.392692845,-0.119949247,0.166827021,-0.036817239,0.116348424,-0.150211961,-0.066420217,0.024435813,0.011695084,0.008985009,-0.466317093,-0.190944228,0.040798862,-0.174075549,0.074930225,-0.096307054,0.082655612,-0.196183926,0.104259214,-0.016105702,-0.147159929,0.052890767,0.164161832,-0.10619074,-0.066371363,-0.09149486,0.056424793,0.081354927,0.27322899,-0.020141708,0.118588852,-0.085225269,0.156267939,-0.062747272
-0.074300885,0.521009156,-0.17922577,-0.423715281,0.084467397,-0.014995124,0.068761411,0.002917498,0.275348106,0.154897593,-0.090335458,0.266049425,0.282250708,-0.27906153,0.224352379,-0.242477774,0.045173826,-0.005663073,0.182429908,-0.350771934,-0.163052341,0.162661015,0.01802317,-0.25208589,-0.056591453,0.048063797,-0.094399545,-0.101521302,-0.065585735,0.210512755,0.392692845,-0.119949247,0.166827021,-0.036817239,0.116348424,-0.150211961,-0.066420217,0.024435813,0.011695084,0.008985009,-0.466317093,-0.190944228,0.040798862,-0.174075549,0.074930225,-0.096307054,0.082655612,-0.196183926,0.104259214,-0.016105702,-0.147159929,0.052890767,0.164161832,-0.10619074,-0.066371363,-0.09149486,0.056424793,0.081354927,0.27322899,-0.020141708,0.118588852,-0.085225269,0.156267939,-0.062747272
0.178824912,0.214388832,0.200348874,-0.013736901,-0.284321328,-0.041842989,-0.179318233,0.060293607,0.01863076,0.055662695,0.113835483,-0.015199238,0.215669533,-0.273474659,-0.076130556,0.203871554,0.092607035,-0.038590543,0.134114977,0.028698259,0.008010907,-0.021570785,-0.141715638,-0.167388946,-0.066055784,0.018645698,0.035532574,0.110629294,0.234310842,-0.040296471,-0.04165391,-0.09883374,0.11423015,0.068103106,-0.003603025,-0.035755716,-0.027917143,-0.16484836,0.038978031,-0.004515665,0.010471728,0.000966063,-0.002612622,0.146188275,-0.077283157,0.043109736,-0.02116767,-0.175859025,-0.186975334,0.067064947,0.039163852,-0.057341823,-0.16241142,-0.09444981,-0.072380876,0.043893946,0.021393043,0.063027605,-0.035202179,0.127791763,-0.008221795,0.166269488,-0.00900288,-0.050468577
1.313001937,0.680820933,-0.51567642,0.540197848,0.127528926,0.407823651,-0.229947999,-0.112264683,0.147830152,-0.093039284,-0.133058077,0.091185859,0.228642656,-0.290763191,-0.02912411,0.337978957,0.000130239,-0.206771534,0.051030548,0.200383037,-0.075674822,-0.142716365,-0.002341187,0.012611495,-0.119435658,-0.019241094,0.16809879,-0.152184752,-0.075697255,-0.07598092,0.122214207,-0.050946156,-0.082197783,-0.251429226,0.047175583,0.090861648,0.057270569,0.271243186,-0.064281122,-0.070438975,-0.16950309,0.087345039,-0.192834896,0.013765067,0.442500652,-0.177298109,-0.314839479,-0.079142137,-0.097580909,-0.282438164,0.134620179,0.1411123,0.180935735,-0.095593788,0.031417538,-0.219167692,-0.040776986,-0.073645488,-0.116359346,0.052552726,-0.037071298,-0.179272301,0.080472994,-0.138257429
0.394134995,-0.435767016,0.231936933,-0.080114446,0.149491713,0.161241365,0.051239444,0.387457898,-0.013052569,0.196834254,-0.050026011,0.100666256,-0.321065975,-0.244073069,0.006892005,0.015942567,0.119778718,0.040225006,0.191753456,-0.186496493,-0.137319386,0.130688938,-0.03797754,-0.008215365,-0.195326483,0.180324052,0.177709099,-0.015213148,0.151346267,0.024710786,-0.177563669,-0.144881268,0.052225925,0.038022557,-0.053073692,-0.17485152,-0.222535248,0.16099382,-0.077233133,-0.058280526,0.237178825,0.015646343,0.025388699,-0.13384695,-0.134264492,0.044018088,-0.171866286,-0.033851605,-0.104091158,0.13141194,0.074565547,0.107405297,-0.016531877,-0.131744122,0.130157741,-0.231607122,-0.036189563,0.179388767,0.121280422,-0.101209282,0.127115204,0.233976645,-0.072263873,-0.253749601
-0.026592329,-0.435958486,-0.338309565,-0.214404067,-0.0556236,-0.589004175,0.171693294,0.21936125,0.856073655,0.162533371,0.189860004,-0.059643371,0.142477868,0.175853007,-0.126256032,0.188325098,0.044071671,0.107871327,-0.123624133,-0.002509092,0.011007416,0.036666085,-0.164733372,-0.158496559,0.341031347,-0.119978518,0.048279906,-0.121216225,0.016876472,0.058178405,0.384553538,0.157867324,0.128313906,-0.196302821,0.12590236,0.085398056,-0.027483539,-0.011480368,-0.3487075,-0.121048295,0.038803058,0.047324682,-0.073079881,-0.044543687,-0.077905482,-0.084459294,0.137990293,0.000351357,0.367314293,0.056340327,-0.167417105,-0.01382028,-0.031053768,-0.149117988,0.083357358,0.13520779,-0.213481502,0.121565868,0.035401059,0.089290897,0.437260797,0.047281185,0.129894209,0.448869961
-0.020550267,0.494491432,0.331598032,-0.347156795,-0.710969158,1.048161666,-0.23894019,0.1854306,0.11563642,0.178611572,0.599702135,0.203224938,0.142053116,0.181128189,-0.256436003,0.024032012,-0.013337932,0.147123363,-0.19989573,-0.382837796,-0.368272535,0.55474466,0.103647262,0.450383026,0.203396924,-0.387112934,-0.234220156,0.194910111,-0.116679287,0.165081574,-0.148546418,0.069418597,-0.18579388,-0.128666041,0.220009095,0.149426316,-0.410035296,0.283070857,0.197425553,-0.012056314,0.142256614,0.081328715,-0.087267102,-0.147027532,-0.050385243,-0.147978508,0.220100703,0.064068688,0.030435503,-0.37456351,0.32272979,-0.232119044,0.150780284,-0.359630085,-0.028665239,-0.323013795,-0.19642615,-0.196532977,-0.032783849,0.003934973,0.26353577,0.262534127,0.027336474,-0.092633502
-3.068316274,-1.646737919,0.822610474,-0.736145402,1.432850559,-0.57213204,0.16635241,-0.890892876,0.044846165,0.820698803,0.196255694,-0.043094869,-0.879265631,0.448106005,-1.074065619,-1.060044651,0.82949582,0.304680152,-0.156379005,-1.01649342,0.207328635,-0.348080217,0.661823467,0.025102832,0.305672465,0.142113358,-0.124782113,-0.164620004,-0.278007213,0.875685146,0.201408098,0.245764016,0.199844874,-0.011869002,0.403465644,-0.390969992,-0.257345584,0.887625229,-0.050460058,0.355300686,0.395559328,0.347534863,-0.426484807,-0.345248659,0.865678571,0.608005699,-0.155139691,-0.410650743,0.375727147,0.196149525,0.750472524,0.519110406,-0.395669668,0.193300034,-0.175603044,-0.395043956,-0.603371565,0.333805533,-0.474651095,-0.408459321,0.140767899,-0.262330533,-0.504439446,0.145526706
-0.738536707,-0.366755418,0.231119836,-0.27707691,-0.1078716,0.231817478,0.2355012,-0.057883051,0.222633312,-0.19440559,0.131767994,-0.172386729,0.096788666,0.364334875,-0.293483708,0.137297322,0.313914365,-0.054528412,-0.10834421,-0.208229236,-0.045805287,0.472417937,-0.085456649,-0.360577064,0.215240681,0.231368191,-0.195252488,0.017319674,0.301712366,0.104096171,-0.094880563,-0.02402599,-0.111726878,0.204388391,-0.151081215,0.015106208,-0.050558977,-0.108903893,0.218223364,0.042205025,-0.143393912,0.014677825,0.053603192,-0.010399019,-0.349021962,-0.187179378,0.19634115,-0.22751381,0.117972676,-0.217975101,-0.091223811,0.298598879,-0.062232563,0.160118829,-0.047945173,-0.034758933,-0.02168814,0.418614436,0.17389341,0.052297724,0.341871827,0.33356299,0.112330876,-0.060949765
