-16.4125634,-6.185242696,-3.672203156,-2.592662943,3.601144473,2.931608247,1.120184007,0.069110681,-6.83379125,-1.735395907,6.376954693,0.51252078,7.854465877,2.710766022,0.104094869,-1.714124198,-0.990448297,3.540796856,2.862463528,4.900929774,0.396429479,2.899223834,0.605481935,-1.538646457,1.252140639,-0.259113553,-1.134403176,2.95226912,-3.360313728,2.400769045,-0.291790806,-1.085744848,-0.730146508,-0.163072737,0.827724701,-1.093775054,-3.339108355,-2.178760603,1.239391198,-1.053460835,-0.688136821,-1.852305272,1.203626214,-0.229078319,-1.405790502,-0.806008736,1.415364254,0.670420916,-0.667077636,-0.905979328,-0.551695467,-0.419291819,-1.151335642,-3.452924536,-1.441299248,0.458513139,-0.346210797,-0.258046819,1.628708238,3.413898624,3.714686123,-1.192800726,-1.94124453,0.114966997
-0.467633043,-5.853729943,-0.642287449,-7.906275581,-0.53925321,-7.201979383,3.611970094,3.523813309,-4.222839244,11.95531858,-0.689407767,-8.655158526,-3.335770504,-1.359820341,1.187521273,2.01960211,4.263300592,0.329949433,2.313168179,0.73934697,-1.137451104,-1.593280348,-0.383011655,-1.220546541,-2.062659945,0.274231201,0.873069613,0.532164348,0.891120241,0.576130249,0.00295794,-0.305504544,0.682931316,-0.30691299,1.043728745,-0.086746239,-1.942863357,-1.874604681,0.568579501,1.458883817,-0.608895257,0.266828327,1.304342249,-0.039066466,-0.360736344,1.290455472,-1.013669124,-2.177975096,0.318552837,-0.928071733,-1.656266972,0.011024534,-0.392667959,0.720716394,-0.076634933,-1.033873059,-0.796851411,0.363500749,-0.114232603,-1.697967227,0.874392851,-0.944387943,-1.361451962,0.702013407
-0.206913718,6.571882372,-1.57381665,-7.890832074,2.652667084,0.617780955,1.069566264,5.119849123,-0.041794501,3.151342316,-1.840281876,0.391983984,-3.170172218,1.250257778,-2.349838441,2.288490058,1.587416587,-0.115859538,0.19739805,1.512396596,-1.074179486,-0.815007358,1.621410339,0.350040074,0.181017804,-3.118182446,2.010269117,-0.577629447,-2.301443574,0.703606013,-3.146508929,2.850505245,1.004464625,1.088479926,-1.135981032,-0.098131503,-0.865102279,-0.369830913,0.413814093,0.115407874,2.976666145,-1.564694618,-2.172339938,0.032050375,-0.229394717,0.275657274,-1.580193278,-3.393795157,0.558002921,-1.337472829,-0.313550175,-0.410651201,1.864309331,-0.268264331,-2.57899577,2.306389259,-2.313240798,-1.43927725,-0.133628789,-0.054846214,-0.638848862,-2.173698374,1.681136601,-0.461888515
-13.40168482,-8.991712966,-2.442568713,-2.365909435,3.923581662,1.910312486,-5.708817946,-1.467126522,-2.259072175,-1.169002616,0.47434312,-3.046430936,2.251915204,-2.083187693,1.825898791,3.152460036,1.730715,0.07737533,-0.292732842,-0.010950276,5.899124085,-2.271315628,0.419727273,0.223037086,-2.600193223,-1.846685831,1.692235242,-0.396338169,5.602914663,-4.020825171,-5.976050991,-2.756125551,-4.826875312,-2.655848938,4.622007633,2.036409089,3.021463698,7.812635773,3.106803824,2.362433794,1.637442713,-0.505090663,-1.001217592,2.400902651,-1.152981401,-0.597842734,-0.748521655,0.128825543,0.36395278,0.283214698,0.326187268,0.39074475,-0.283187464,-1.665317314,0.001276579,0.630954681,-0.465263568,0.57027592,1.252387185,-0.661409312,0.089887161,-0.273647126,-0.337974404,-0.230722789
-15.97748654,-6.869943889,-3.365620147,-3.346542277,3.922479078,2.696155074,0.144132642,0.341272223,-6.459706878,-1.27640177,5.779398744,-1.088125163,7.243806086,2.173355565,0.386561723,-0.8918285,-1.063403865,2.882188613,2.479947328,4.688812376,-0.501040753,2.117758516,-0.177017446,-1.473203496,-0.150494702,-0.019876517,-1.770282407,2.13285045,-2.388012632,2.002310334,0.639262659,0.315759067,-0.832269044,-1.213676165,-0.305415289,0.680153627,-0.285742603,0.123221898,0.834303688,-1.077608673,0.778903082,1.764669745,0.142795661,0.798197979,1.024523196,0.826491692,0.753490279,0.29575838,0.826742419,-0.827108431,-0.616073074,-0.426466721,0.059472045,3.799084133,0.687019665,-1.428211577,0.572242821,-1.136768156,-1.399928802,-2.221857224,-3.176630857,0.952949826,0.907936484,-0.311409528
-13.24340115,-7.453478594,-2.326383654,-1.306846798,5.28082364,5.07669752,-5.19001704,-1.564673146,-1.842990355,-9.514637869,-4.235634523,-6.665795829,-3.892764582,-4.046022088,0.703508357,6.445085742,-1.465028253,0.132567346,-1.616695474,-1.715660804,0.089136887,-0.847376599,-2.234539502,1.078101439,-0.282431832,0.426892107,1.368371313,-0.843927717,-1.256312611,-0.227427072,1.257657301,-0.417050768,-0.208442259,-1.235197969,-0.789415546,-0.658059314,-0.865809157,-1.154740691,-0.948439968,-0.377818003,0.483353843,-0.558063988,0.76127904,1.328473079,-0.856552876,1.103148616,1.135156147,-0.985321518,-1.257360767,-0.171447789,-0.175027952,0.101720373,0.082781773,1.066562854,-1.464368943,-0.447599981,-0.027737004,-2.334375244,-0.882868919,1.000938117,0.247163701,0.477570088,2.756618267,2.042193557
-5.758151343,0.188227265,3.432993126,-6.635431506,-1.629469824,-1.167759661,4.666696676,3.111878352,-4.49203427,1.615320438,0.054171537,-1.229604285,0.657140858,0.802459774,-1.648461053,-0.393915667,-0.502446788,1.053895957,-1.268671953,-0.283038999,-1.970725327,0.589396164,0.336551798,2.294232756,-2.196352071,0.308028006,-0.441605987,1.267128152,-1.711561743,-1.16939455,3.616396801,-1.919847115,0.537586754,0.089723531,-2.293860593,0.90328192,0.128147188,3.151386736,1.115409004,-0.135663806,-1.508876514,1.289411962,1.620178571,3.683402935,-1.512667451,-2.47022697,0.923956885,-0.745081113,-2.263924349,4.439090964,-0.069620029,-1.319308389,-2.416180145,1.504476984,1.16170752,-1.219859647,0.301746322,-0.917218247,0.480973653,1.797847543,-1.669381538,0.65341854,-0.689632249,-0.113027974
-11.5049717,-7.744785183,-2.445940133,-0.819301087,0.236111832,0.659009645,-3.364992684,-1.892075511,-1.189302001,-1.563320504,1.766784401,1.941406311,1.485392604,2.110749746,-1.048141709,-1.819937891,0.164396811,-1.051417398,0.111280712,-1.853306683,2.62553477,0.406671671,2.521844325,0.202095427,1.533152318,0.685474203,5.631157116,-0.253517777,-0.05168746,-3.155870658,-5.075580597,-1.081936761,6.235980266,5.576198227,0.943954103,0.358064157,-1.401182102,-0.311415268,-4.033626021,0.795420571,-4.836806246,-3.661881577,5.507182791,-1.810425065,-3.878861938,0.050927456,-1.969768702,0.93466119,-0.360619627,-0.189206406,0.190808222,1.059917733,-0.934043773,0.055024269,-0.529366334,-0.500742807,0.07901876,-0.333152904,0.058117438,-0.94497429,-0.947891033,0.955729638,1.548692654,0.095626848
-15.3575828,-6.809257719,-2.997347604,-1.902556218,2.77779282,3.122702108,-1.3252304,-0.417162974,-5.594463383,-1.547820059,5.869062424,1.060683757,6.446811268,2.025687313,0.33519455,-1.509663652,-0.801672762,2.292976586,0.790008759,4.029006012,1.132706964,2.113462792,1.325152738,-1.699084694,0.450532764,-0.789338214,-1.124888756,1.927912679,-1.353637321,1.946299623,0.440905478,-1.203907964,-2.729375939,-0.1237903,0.82313658,-1.269355099,-0.758235538,-1.076896772,0.097376355,0.185985816,0.717391405,0.935332909,-1.767849224,-0.625160042,0.524338056,1.315390853,-0.790593511,-0.994604423,0.390450249,-0.587677731,0.996248022,0.694221699,1.938694672,0.510668242,0.534531848,0.804191129,-0.0625073,2.083148837,-0.14802183,-2.177578475,-1.06867511,0.287151036,1.816556332,-0.141385083
0.094812315,-6.273176191,-0.45950288,-8.866174975,-0.329546869,-7.822480958,2.912284981,3.466241577,-4.48357581,11.81384876,0.537881989,-8.791724714,-4.374172074,-1.316803739,0.629306726,1.505342295,3.844204288,0.340474308,2.298520702,0.810950561,-1.627409272,-1.587567443,-0.883227538,-1.100335269,-2.561786967,0.870474794,1.012598852,0.910762106,0.146357409,1.138725453,0.850522158,-0.950630039,0.679528249,-0.535832527,1.406995885,-0.583221023,-0.499959656,-0.250926884,-0.74739415,0.885749237,-1.057649606,-0.059008236,1.22956811,0.726492346,-0.285215395,0.870019209,-0.125300823,-0.042068896,-0.309140721,-1.26729339,-1.133811874,1.031760925,0.668985193,0.496609889,-0.120921497,0.057536805,0.799539312,-1.108506477,0.098043379,-0.426186567,1.138261182,0.949090102,-1.007590209,0.110649838
4.851772597,6.136831962,1.77264075,-1.262017918,-3.058525327,0.612715568,-2.164792612,-3.809079754,-0.561145217,-2.734212349,3.917417185,-1.770390442,-2.866425062,0.35565317,3.465957576,-4.381654914,0.69050602,-2.692377975,-3.562250908,2.093502346,0.660631121,-3.937584642,2.767975804,-1.983161264,6.254627874,-5.010394916,-0.2449931,0.356760529,-0.30826044,0.532897402,1.652058327,4.119744359,1.732192195,-5.593615495,4.776143777,5.10523835,-0.278740919,-2.72205072,0.000530102,-2.293221535,0.723780541,-3.717135282,2.675946961,4.358086713,1.511721896,-0.309499706,-1.95017523,0.913916537,-0.212373304,1.707511104,0.125367451,-0.234140217,1.406064837,0.574615412,0.290656981,-0.922400416,0.974932423,0.018460633,0.895576345,-1.210490937,0.092851431,0.706168225,-1.27884696,0.657845481
10.88385072,-9.46870916,0.20604278,-0.762467453,-5.305965038,-3.502650054,1.619933045,-3.500711944,-3.77757925,0.962183769,4.486664903,1.474782746,-0.378552612,-1.402929579,0.168993315,6.168144372,-5.73644209,-3.527986761,-0.471683939,-0.893710976,0.273418985,3.844039388,-4.761294478,2.769496391,-3.638723687,1.723820752,1.157030011,2.527168561,0.3072943,2.913435997,-1.038824778,4.32023621,-1.355830019,3.842608534,6.108015978,1.984742319,1.076288686,-2.096880573,-1.457859304,-1.284086866,2.274423025,1.87536991,1.573137799,-1.546969907,-0.819108684,-3.347050105,-0.045943158,1.094247275,0.071387368,0.25799041,4.482825909,-0.925156658,0.628998849,1.178219654,-0.259383896,1.036992641,-1.22257001,-0.918081176,1.583401907,0.336288844,-1.367171109,-1.352070441,-1.180965933,0.316014407
-1.798956912,-3.259483785,5.042705505,-3.634708928,-4.417292194,2.088239485,-1.515030021,2.166084398,-2.305195057,-0.532527,1.64853679,1.501695317,-0.09103078,0.473363414,0.20201623,-1.121533622,-1.381111026,-0.521182578,-4.07171742,-0.380499022,-0.795836785,0.268071492,1.621559884,-1.467116489,-0.257997121,-1.083338944,0.159743462,-2.359745675,0.86215018,-1.853673726,0.45736416,0.273980539,-4.562099288,-0.106196003,0.253588019,-1.464821377,1.329740403,-1.838839672,-3.047448964,0.615931727,-1.821124312,0.396509899,-1.053101093,-2.456732418,1.005185454,1.360398843,-1.470338078,0.300233017,-1.668417273,0.139579091,1.031247814,1.163368271,2.050023841,-0.567300906,0.625189266,-1.137014879,1.483690664,1.69747252,0.415350534,-0.198147258,1.305266572,-0.131675943,0.146618288,1.163645946
-3.795993291,-15.18824917,-7.400500526,2.688642622,-1.07756138,-4.580175042,-1.610887982,-3.405541316,-4.812173064,2.882617973,2.393438752,3.298571633,1.840005868,-2.402536992,0.166060395,0.287927753,2.598882432,-0.551693716,4.879488845,-2.67281429,3.443579807,-3.882597499,-1.349230479,-0.816911132,7.426280432,-3.835114958,6.048615906,-2.048157222,1.240072124,-4.498920982,0.515705322,-3.839900123,1.814610822,2.749408987,-2.32439019,1.28902512,-0.463298181,-1.308786367,-2.887413188,-0.448059205,0.603521316,2.646366765,-2.530831455,0.557919962,3.86890449,-0.927182165,2.216178123,-1.422023277,0.714656511,0.35415588,0.429415895,-1.253452399,1.084521086,2.129825647,1.650145836,1.241778534,0.632305751,-0.226306481,0.364094226,1.886963561,-0.212435549,-0.813826587,-1.584591041,-0.614879178
-8.89060872,5.052705974,0.754869255,3.635141239,-2.243505735,0.301343591,10.7696671,-6.184330465,4.181025792,1.061441278,-0.351487837,-0.174288563,0.047106059,-0.656451868,0.855519561,1.544959976,0.022694533,-1.369439611,-0.910998097,-0.93783136,-0.308798414,0.892676083,1.924933158,-0.795400182,0.370887597,1.078492339,0.675535259,0.377794213,-0.571287569,-0.241300915,-0.493428525,-1.968717889,-0.866416473,-1.192898458,-0.867656695,-0.521782679,0.168424201,0.685701318,-1.697279589,-0.590574983,1.529890473,-0.378064298,0.358374705,-0.633946754,-1.663997293,-1.359407742,0.484107145,0.578741336,0.960357069,-2.358422969,-1.96908663,0.059930534,0.993123561,0.011169505,0.178376029,-0.233175727,0.962172716,-0.202735172,0.149190574,-0.653870629,-1.151706555,-0.860844546,-0.077376413,-0.301653723
-5.061775771,-2.093764389,-0.752370601,4.763430392,-3.259759838,2.799369498,-3.068638302,0.981144509,7.43082988,1.708864727,-1.356020827,0.469842006,-1.051813725,-0.497877627,-4.12076009,-0.763006601,-0.093649484,-1.575077297,0.489417315,7.497885885,0.853882336,-1.379725948,-2.151306257,2.989493643,4.280696424,2.187395689,1.990311778,-3.070250315,-2.007738532,0.105871526,6.175593493,2.228859272,2.644493481,-3.311286097,4.914830019,1.150996736,-5.038353879,6.123947942,0.229913637,1.332011766,-1.657587037,4.547531698,0.550136628,-3.11575077,-0.669620902,-0.349666643,-0.249325796,-1.316254958,-1.094711547,-1.550879565,-0.084396534,0.670211556,0.537731836,-0.779550903,0.582402629,0.204751645,0.230427126,-0.080728924,0.580484316,0.721464845,-0.270621893,-0.438665833,0.676558776,1.474655123
-9.015575511,5.228250363,0.73077293,3.723000447,-2.291633711,0.348519814,10.68930688,-5.789582721,4.128196744,1.129787725,0.130718784,-0.213875521,0.038058485,-0.935871509,1.079814399,2.030926094,0.394847352,-1.128498842,-1.022165353,-0.635444901,-0.551845187,0.436877551,1.31496762,-0.752034468,0.285928046,0.975176871,0.487218056,0.284824638,-0.432871167,-0.101790746,-0.595041845,-2.161786126,-0.703427172,-1.439731308,-0.607661821,-0.57297957,0.269383482,0.397577569,-1.658618786,-1.252183024,1.57351428,-0.097691978,-0.294765075,-0.718590938,-1.658159125,-1.693865102,0.21529845,0.298060289,0.5442777,-1.966771879,-1.303389419,-0.008598808,0.841423073,-0.006006867,0.474309558,-0.221056228,1.296876857,-0.288627124,0.288762055,-0.552643758,-1.028935378,-0.556767713,-0.015383227,-0.056339291
-9.141079319,4.177320285,1.182737184,3.465418988,-2.681624024,0.602506629,11.22176552,-4.931929437,4.442048708,0.853790374,-0.00809668,0.16606164,-0.105612788,-1.622540518,0.887894125,1.447393486,0.234729873,-1.119400123,-0.796303818,0.112624276,-0.340301288,-0.56671853,1.170072805,-0.775155187,0.43599519,1.263985461,0.505163353,-0.102565881,-0.157473585,1.216213784,-1.188701084,-1.921519038,-1.138701611,-0.804554166,-0.83928325,0.080076515,0.022784985,1.018856801,-1.721287665,-1.861536305,1.86163439,0.609490478,0.813703511,-0.630601478,-2.664407524,0.773678646,0.831427601,-0.012201104,0.258168048,0.117956469,-1.157708371,-1.778068694,1.257372104,0.811616128,-0.047521843,-0.091487773,0.151426846,0.757212872,1.85397724,-0.606953597,0.008199828,0.778692932,0.067484658,0.506685633
14.90082182,6.100367714,-8.0888845,7.020107337,-2.675021425,13.19907773,-0.163963812,2.739932081,-3.554621152,3.462192641,-1.41558896,-4.301973983,6.314174112,1.090790151,-0.097058551,1.766298053,1.626100763,-4.480219782,-1.311467138,-0.551905849,0.514621052,-1.601861761,-0.029625708,1.924595906,-1.232831267,-0.167812847,0.0517254,0.463431073,-0.187836621,0.811189781,-0.559475774,-0.511300792,0.469927038,1.175847457,-0.877051114,-0.806581652,0.310215184,0.101477537,-0.018177838,-0.759751139,-0.812763898,-0.759747017,-0.102152691,1.179325336,0.206727052,0.455877144,-0.25005403,-0.771994272,0.80969252,-1.388036346,0.311990057,0.069566944,1.707922311,-1.565342535,4.671868798,-3.374489099,-2.925205583,-1.096905133,0.898840525,1.327682744,-0.115164528,0.829019057,0.376812737,-0.299979049
-8.179165102,-5.385087457,-6.665042326,2.957583511,0.937956154,0.616519962,-4.584899342,0.540112452,2.784525568,2.11274984,-1.546262085,2.324115029,-2.914503023,2.594166837,1.81579983,-3.779174813,0.363681613,-2.42952592,-3.189640095,-3.378502002,-1.244644066,1.541708727,1.949577226,-0.535573184,-1.580163373,2.476253895,-1.040721616,0.318864452,-1.808742694,1.062464773,-1.771198731,0.319104604,-0.589291557,1.039517437,0.583973007,-0.066631392,-0.540137915,0.209229374,0.993072034,-0.812219404,-0.175467292,0.011212381,-0.695950098,1.630310271,0.005226384,-1.04636341,0.284434937,-0.504556564,-2.244845229,0.15987692,0.414854975,-1.275070192,0.920933241,0.535641648,1.006242831,-0.12018153,1.422316718,0.336364328,-0.371821515,-0.307574052,-0.072008479,-0.642738913,-0.752208492,0.47270108
-11.69889333,1.677142007,-0.879599528,3.096208889,-0.275661201,1.702828933,8.884863501,-4.680701025,3.002599954,0.591929246,-0.265827931,0.225455194,0.629954574,-1.108574874,0.380620766,1.311750545,0.588414728,-1.819826152,-0.827428745,-0.327987953,0.826876928,0.442854742,0.227053234,-1.285047496,0.348429883,-0.964895133,-0.031248126,1.477591381,0.579492888,0.260756797,1.017398909,0.563878142,-0.072027081,-1.967547287,-0.57064907,0.872852097,2.882471885,-1.223935957,0.170566171,0.478140587,0.463960508,-1.111213289,-0.322017542,-1.925419819,0.646017726,-1.239409571,-0.685508057,-0.898195612,-1.781384768,-0.320445593,-0.273423275,-1.083295404,-0.732860711,0.002512439,-0.020555424,1.578498572,-2.23315581,-1.65398339,-0.854221848,0.098331342,1.365063919,3.377132505,-0.629269321,0.853810214
7.639698958,-0.883163481,-2.235900434,0.886675026,-5.71314117,4.833126153,1.087550478,1.882694338,-1.262582378,-1.050807541,-0.697996736,1.999896567,-2.129174415,-3.209267617,4.243479828,-3.701385944,-1.533969814,3.948899891,4.866969126,-1.810247083,-2.410495127,1.488972038,-1.625491976,0.976385861,-3.399670589,-1.219631167,-1.644612313,-0.412489825,-1.226159651,-2.592674345,0.037733572,-2.262143988,0.430814768,-0.312547051,1.472315245,-0.905645902,0.315129102,-0.104877137,-0.104595701,0.464246415,-0.052203653,1.081134662,0.09180996,-0.575222784,-0.87687183,-1.427732605,-0.911649966,-0.336119513,0.644623808,-0.068564409,-0.226655841,-0.581104796,0.678864968,0.074883931,-0.956498885,-0.468374649,-0.018623936,0.306515984,0.297810654,0.341622765,-0.071961521,1.483661197,-0.463267651,0.522927823
1.336262144,16.11118022,-0.228923652,2.411014593,1.743174648,-5.752947999,-5.124506963,-5.650125947,-2.904058853,-1.516573389,3.318380082,-2.747973506,-0.501840594,-1.305623952,2.23934832,-1.500047407,-0.456725618,-2.233392896,-0.010312116,1.55041271,-1.892546151,-0.599274466,0.341978454,0.508914335,-0.457490527,1.244286859,-0.500584634,0.528788043,0.435137786,-1.397638418,-0.203509933,-0.129245267,0.260060119,1.003551904,-0.971652891,-0.395780611,-0.589046177,0.093317546,0.465221849,0.710550221,0.254221215,0.357406632,-0.63348176,-0.665186366,0.097257555,-0.2014201,-0.13185377,-0.275965203,-0.253409001,-0.58856523,0.02416946,-0.004040483,-0.392140071,-0.182547166,-0.248318625,-0.071302285,-0.204845969,0.207989078,0.149473603,0.319160072,-0.224721439,0.198603148,-0.0527246,0.116677935
1.336262144,16.11118022,-0.228923652,2.411014593,1.743174648,-5.752947999,-5.124506963,-5.650125947,-2.904058853,-1.516573389,3.318380082,-2.747973506,-0.501840594,-1.305623952,2.23934832,-1.500047407,-0.456725618,-2.233392896,-0.010312116,1.55041271,-1.892546151,-0.599274466,0.341978454,0.508914335,-0.457490527,1.244286859,-0.500584634,0.528788043,0.435137786,-1.397638418,-0.203509933,-0.129245267,0.260060119,1.003551904,-0.971652891,-0.395780611,-0.589046177,0.093317546,0.465221849,0.710550221,0.254221215,0.357406632,-0.63348176,-0.665186366,0.097257555,-0.2014201,-0.13185377,-0.275965203,-0.253409001,-0.58856523,0.02416946,-0.004040483,-0.392140071,-0.182547166,-0.248318625,-0.071302285,-0.204845969,0.207989078,0.149473603,0.319160072,-0.224721439,0.198603148,-0.0527246,0.116677935
1.978834099,10.73544534,2.04798465,4.945927223,-4.455322125,-1.034698924,-6.075942089,-1.332253423,4.081466918,3.325248077,1.097328104,-4.810186401,0.322215668,8.00253271,2.887465167,5.775374458,-1.078703953,10.55831413,1.557617051,-4.181833872,1.839246437,2.887220824,0.180291852,-2.066012374,2.271517258,0.336854552,1.778823911,0.331938791,-0.407635751,-0.777605329,0.822142349,0.992871921,-0.797434107,0.218945449,-0.132169798,0.171929493,1.42404679,-0.480091852,0.12459317,0.054156347,0.40500408,-0.861332587,-0.01637826,-0.576277376,-0.017456889,-0.422922479,-0.337623459,-0.69213615,-0.063089723,1.001293569,0.000904045,-0.286062109,-0.170880468,-0.101439639,0.054121666,-0.50414414,0.077319754,0.003845472,-0.048448249,0.546191669,-0.390181455,-0.569073641,0.6105928,0.988646591
-0.127548873,15.24733655,-2.708047517,0.454810861,4.813957516,-3.475635071,2.449626382,1.149336881,-4.422419523,-0.781491593,-1.622896702,3.818972098,0.938657926,-1.598737144,-3.448512588,-0.220089323,2.617575482,-0.388467366,-0.080209079,-2.06606567,1.946174049,3.619986696,-3.220629558,-0.349014009,-0.719388015,-1.12463575,0.570255765,-2.178953273,0.197250083,-0.925806272,2.403158759,0.021553681,-1.091712062,-0.411386351,2.635931897,-1.495531349,1.421411517,0.585124631,1.541989875,-1.407753142,-1.071767504,-0.998694459,2.27235829,-1.603988899,1.149669597,2.756210838,1.458846515,-1.488206606,-1.744252624,0.687415919,0.439541926,0.161003967,-0.218197414,0.958507579,-0.047277937,-0.339617871,-0.379508635,0.332008474,-0.943075186,0.388896421,-0.479805797,-0.687895498,-0.852405836,0.193821281
-6.699361431,-9.985304345,-10.62586205,3.377319247,2.575336077,-5.63034676,-4.188710628,-0.40155527,0.675379135,9.093740698,-2.822568973,-1.49962949,-1.5612784,-2.033501567,1.592523596,-1.722703441,4.091739905,-1.835606234,1.041688575,-2.128330442,0.829201194,-1.345040462,0.006928711,-1.35422479,0.341922707,-0.786989372,-1.992737223,-0.799943153,4.808101406,3.947637075,4.970063639,-1.251218207,-1.069244483,-2.025729303,1.591977347,-2.80442324,-0.592260551,-3.439038852,1.11243253,1.026838645,1.406555088,-1.627919967,0.370278493,-1.613831507,-1.986728395,-0.727148336,-0.276766892,4.466655613,0.696480088,1.020193556,1.747247961,-0.697286686,-0.039640139,-1.294746022,0.381979019,0.351275016,0.450883754,1.448825938,-0.623991269,2.17283066,-2.279763315,0.195755234,2.893861321,-0.539361841
-12.90945016,-2.629196203,-2.41110487,1.913910647,0.058247179,2.442917197,0.839171627,-0.351627424,-0.412139045,-1.029339639,1.956824442,1.110665448,2.023360092,1.198499555,0.348556759,-0.061516635,-0.033167984,2.168169872,-0.333918015,-0.894456046,-0.161535907,-0.022868563,-3.948403174,-2.057058679,-2.807977161,-0.835965091,-2.93669417,-3.812128585,4.859002642,1.150185141,1.199881528,6.502646355,4.984173467,-0.813159766,-5.39930333,3.118529215,3.838297958,-0.355348389,-0.796430826,3.606295892,-0.385189187,3.03979915,2.595083551,2.9033252,-1.545849658,1.435815192,-0.479845699,-2.105308307,1.246974801,-3.721389565,2.971837858,-0.676249186,0.569319185,-0.947883891,-0.464397209,-0.033717558,1.409362229,0.93884887,-0.957338312,0.348779134,0.4208546,0.363085778,-0.569238494,-0.359449924
1.336262144,16.11118022,-0.228923652,2.411014593,1.743174648,-5.752947999,-5.124506963,-5.650125947,-2.904058853,-1.516573389,3.318380082,-2.747973506,-0.501840594,-1.305623952,2.23934832,-1.500047407,-0.456725618,-2.233392896,-0.010312116,1.55041271,-1.892546151,-0.599274466,0.341978454,0.508914335,-0.457490527,1.244286859,-0.500584634,0.528788043,0.435137786,-1.397638418,-0.203509933,-0.129245267,0.260060119,1.003551904,-0.971652891,-0.395780611,-0.589046177,0.093317546,0.465221849,0.710550221,0.254221215,0.357406632,-0.63348176,-0.665186366,0.097257555,-0.2014201,-0.13185377,-0.275965203,-0.253409001,-0.58856523,0.02416946,-0.004040483,-0.392140071,-0.182547166,-0.248318625,-0.071302285,-0.204845969,0.207989078,0.149473603,0.319160072,-0.224721439,0.198603148,-0.0527246,0.116677935
0.972897945,8.71242844,-2.709907468,-5.116369952,4.781534338,-2.858212218,-3.132794567,1.755740918,-1.040397418,-0.66695967,-4.320250139,2.010906204,-0.974282928,0.731273756,-3.78255591,-0.94388292,-0.108357444,-0.456625954,-1.094327404,1.57818096,0.658340281,2.024629498,1.655629934,2.223249985,-0.706087077,1.472874729,2.497756741,-1.628149465,-4.644644996,-3.425980272,1.364222109,0.15890477,-2.131636715,-0.467154807,-1.010848733,2.644312152,2.099898952,-1.525907517,2.874671512,1.220629361,1.183767948,0.016262438,2.715201803,-1.349630029,-2.705021239,2.021647958,-0.313351095,-0.145073413,4.209247259,1.088029361,-0.681200186,-4.537840505,2.701557049,0.212386914,1.03771759,2.203848691,0.669641518,0.243648325,1.372510826,1.289241717,1.114929605,1.767446804,-0.461997062,-1.091670163
-8.640208248,1.607969538,2.633011919,0.04800632,-2.418626324,0.416141667,9.057008683,-3.543366299,1.773807384,0.424292188,0.241406464,0.148340742,0.657114341,-1.136043823,-1.317417285,1.599640278,0.405364877,-1.003091501,-0.417061549,0.542042024,0.377005102,0.921125544,0.432169774,0.342455055,-0.580863232,1.695329922,1.08422222,-1.060211389,-0.071734149,-1.535874593,-0.254758325,0.139321749,1.12723059,-0.302605959,0.591303335,-0.502856549,-0.579009502,-0.466084309,-0.162848309,-0.052564866,0.30203234,0.481735738,-1.539957115,0.761951066,0.480699334,-0.105140157,-1.209626804,-0.078308739,-0.727412562,2.370827305,0.092480436,-2.28117126,0.474031965,-1.224414942,-0.731093909,-1.787173447,0.387359983,1.026656855,-0.984578607,0.47312642,0.553848552,0.4767885,0.561459191,-0.32288015
1.89897434,-0.977921184,8.596994151,-0.052716057,4.257307003,-1.70118951,1.749968838,8.987182202,4.932993174,-2.798403344,-3.69285896,-0.933653073,3.079374532,-0.113167433,0.763045229,-3.366656822,1.907436034,0.387865405,1.890748517,0.793362859,2.229704991,-1.469836504,-5.584519921,-1.603737311,1.701003208,4.555206856,-1.614703469,6.915914472,0.868188403,-4.641913077,1.474112503,1.535473761,-0.369385899,0.489160691,-1.183072719,0.687350187,-1.195548893,-0.593380643,-3.931227439,1.218148054,1.372843662,-0.404296459,-2.72192871,2.297973883,-2.01912552,-1.131772056,-0.215821035,2.067448564,-2.05798214,-1.283814793,0.759858589,1.094986349,1.900051405,-0.935772388,-0.467383856,0.787443708,-0.419732249,-0.889940772,1.019893408,-0.629118303,-0.17157573,0.838468167,-1.476559984,0.464111081
10.03293699,3.076370275,-4.625402221,-0.130911144,-3.897900093,5.726463363,1.114047541,0.251341015,-1.662812851,-2.217334822,-0.666279981,3.018029568,-2.642231545,-3.836643538,5.609741277,-4.736011285,-1.200669505,3.779575441,6.042408154,-1.642186471,-1.848730602,-1.086873211,-0.272693797,-0.256244344,-2.411878891,-2.806543486,-1.768072598,1.609448188,-0.503454931,-1.178311387,-0.371104928,-1.20984589,1.82049095,-1.942921206,2.63084975,-0.055818791,-0.056860122,0.896757378,-1.099535322,-0.855901789,-0.006295696,0.411834637,0.203385355,-0.413960044,-0.665830901,0.144697081,-1.203641443,-0.857814841,-0.46484333,0.176535667,-0.238573978,0.207757722,0.354765644,0.612682748,0.166053343,0.474866715,0.475655515,0.275699688,-0.818755157,0.629986073,0.540482785,-0.049451173,1.0043613,-1.104924501
-8.10179772,-5.884428721,-6.160640147,2.369670118,1.064845016,0.606167974,-4.0537213,-0.332671547,2.550339129,1.70144977,-2.437924537,2.922843521,-3.045031645,3.415806517,1.257615794,-4.577887871,-0.557621929,-3.251661511,-2.145867733,-4.420812575,-1.118183373,1.868452039,3.201369731,-0.940298305,-2.195210688,2.298955941,-0.212337728,0.959927976,-1.4853131,1.421588466,-1.680202449,1.19483155,-1.181585774,1.692551867,0.628536679,0.037255333,-0.585363131,0.730566906,1.389703709,0.030378048,-0.948314161,0.711790874,-0.423431817,1.949422282,0.103186692,0.069137066,0.606031441,-0.826852383,-1.323818706,-0.579737391,-1.787433375,-0.629997855,0.824986302,0.209240228,0.422091256,0.010450952,1.512273888,-0.018111898,-1.284205653,0.609993891,-0.129301545,-1.211063001,-0.474991346,-0.1910343
14.66023128,6.695207324,-8.122901216,7.278620709,-2.804881412,13.49965732,0.086169453,2.776937919,-3.744236706,4.285964183,-1.435709954,-5.567327457,6.828041836,2.802902392,0.30294442,2.786758105,1.805119251,-2.927241964,-2.1640535,-0.795982565,0.429801756,-1.433764596,-0.010678627,1.250028677,0.06961168,0.088616414,0.843338024,-0.23536397,0.035057133,0.767409427,0.709936111,0.78483413,0.250574526,0.955455967,-0.688139538,0.439910258,-1.127982953,0.869673238,-0.21306425,-0.089910423,-0.599535733,0.112600599,-0.921152847,-0.59821516,0.201596732,-0.275820369,-0.251382742,1.289953039,-0.67160523,1.453250477,-1.129505969,-0.518106577,-1.652422212,1.385454276,-4.435425044,4.46965621,3.802107383,1.775980514,-0.481504349,-0.977408968,-0.18800864,0.520764309,-1.059370573,0.167050938
-8.489996552,-5.769881032,-6.280916484,3.564235106,0.631302695,0.197388989,-4.202887636,0.350765318,3.438696081,2.027244559,-2.093142426,2.473601564,-2.726737972,2.770835244,0.73904909,-3.570048779,-0.062883931,-1.477979812,-2.379899775,-2.920065712,-0.751922856,1.879458499,1.447007608,-0.67538344,-1.836056155,2.255239312,-0.609168196,0.969926388,-1.399478984,-0.027055521,-1.576574552,0.492716548,1.126581333,0.884058502,1.282088175,-0.147662801,-1.455599896,0.939004627,0.950032028,0.438320379,-0.962362148,0.946307831,0.040362314,0.335755762,1.552743084,-0.126891415,0.924901335,-0.752381482,-1.83213062,-1.072737626,-0.2170549,0.325656719,0.064212391,1.559357944,0.664480527,0.543763163,-1.987271559,1.34320352,0.120256415,-1.287097785,0.719785786,-0.131005173,-1.529308804,-0.571602831
-9.630452048,3.811654753,0.040742748,3.462142259,-0.90877782,1.433318633,9.094658863,-3.681010815,3.180124668,1.39776972,-0.186885414,0.290450482,0.588251487,-0.977375203,0.071156854,1.770490322,0.35057798,-0.972324394,-0.720535242,-0.416482799,0.360168226,1.239702824,-0.857131561,-0.722253286,-0.448947277,0.128383558,0.522368351,0.799206278,0.636010972,-1.994517905,-0.205752915,-0.582831032,0.645778643,-1.341605678,-0.262499142,0.520034338,0.51408233,-1.553432837,0.975455336,-1.300303315,0.353525844,-0.929081044,0.554428682,-0.090300381,1.945606501,0.888614812,-0.49837362,-1.092310674,-1.906161686,-0.174081935,1.253678717,2.962354796,-1.317872665,0.905149672,0.198812114,0.888367623,-1.087561151,1.304860497,-2.122960793,1.690189851,0.728934977,0.030858438,-0.49733821,0.364190384
0.051018614,13.14902693,-1.522450761,-2.469644889,3.395423779,-3.046426027,1.04231812,-0.037467067,-2.789346531,-1.817158846,-0.024825803,4.378376418,1.308068944,1.187406496,-1.74505903,0.97528397,0.445989918,1.39635142,-0.219463402,-3.280235089,2.957803355,0.221254732,-3.148665093,-1.27024155,-2.634301869,0.182912786,-0.169575628,-5.377789387,-1.341666278,2.480039451,1.808664776,-1.919434264,0.480995243,-1.520418105,0.811687118,0.280241746,-1.041039156,0.431260153,-0.019594535,-0.19239801,-1.102283884,-1.497275549,0.026855517,-0.682843984,0.510112749,-1.687870719,0.660437371,1.514733591,1.354815251,-0.122639425,-0.925722166,3.347486283,0.487249831,0.236220347,1.865126489,1.445821482,-1.140312563,-0.639290383,-0.656276156,-1.404065221,0.9086767,0.128651654,-0.963439367,0.454635855
1.402635745,16.0121325,-0.126766726,2.312890483,2.02607105,-5.721575078,-5.20867583,-5.767987776,-2.765469722,-1.72860036,3.250547048,-2.88956239,-0.340614422,-1.285756696,2.361207806,-1.444768501,-0.327919375,-2.221232979,0.00740116,1.597506208,-1.879023383,-0.6114295,0.231941638,0.525295494,-0.571782643,1.262600245,-0.507350793,0.563701185,0.548154165,-1.47647875,-0.271899861,-0.192859903,0.089455719,0.873240683,-1.001574826,-0.354403561,-0.670656112,0.162798177,0.411413246,0.660190874,0.325337231,0.472389744,-0.573529892,-0.607034669,0.181246689,-0.199033933,-0.044037657,-0.236728446,-0.346908356,-0.723361657,-0.051893119,-0.053193413,-0.463730534,0.006413357,-0.354554934,-0.235216107,-0.187871059,0.040041991,0.091394566,0.276835414,-0.391102896,0.229553565,0.031499816,0.133735881
2.075263118,7.494970129,-2.273282518,-6.74723037,2.829401518,1.192553707,-0.728674928,3.0418945,-0.132679808,1.005880933,-2.523769561,3.036161678,-2.530219965,-0.181939095,-0.381830611,2.076950723,-0.515139536,-0.084510665,0.49475265,2.160853458,0.398895653,1.452956242,0.142213091,1.314740076,2.173602804,-2.739627597,-0.11885881,1.072600769,-2.067713064,0.635439449,-3.342641345,1.672949103,0.914536072,-0.967590844,-0.620770762,0.006099393,-1.574211028,-0.459290802,-0.886535008,-0.345382593,2.734854018,0.412771252,-0.753536281,1.053313388,-1.449134487,0.43560343,-2.875133602,-0.954193371,-2.842270517,1.582498403,-0.418167954,2.15271463,1.381051073,-1.105609861,0.76456385,0.747317721,0.965516866,-1.675850521,-1.721289518,2.237556268,-2.376159763,-0.816013104,-0.031811894,-2.024148354
9.461068075,2.318694076,-4.545091684,-0.212557238,-4.035008421,5.609149278,0.905122434,1.663779255,-1.098614833,-1.7711964,-0.740173478,3.406817449,-2.199114972,-3.50618528,5.17356231,-4.062624439,-1.7537867,3.618980041,5.660779146,-1.773956876,-2.163774613,-0.95624535,-1.023718727,0.101352802,-2.945980757,-2.9892417,-1.753162308,1.019978217,-0.551685561,-1.495528722,-0.481703488,-1.941945554,1.434807205,-1.137017476,1.826554362,-0.937987617,-0.341216103,0.842200851,-0.658612323,0.106005422,0.38168355,0.967550177,0.681639044,-1.426961397,-0.634893081,-1.126211676,-0.599345543,-0.570931378,0.398816891,-0.22812485,-0.004484784,-0.437690729,0.578168064,0.67684007,-0.543983396,0.094070309,-0.022506754,0.405741691,-0.274175606,-0.087176194,1.016470357,0.715952223,0.641703251,-0.226171567
-3.09720688,7.324818728,4.257499454,-0.458869209,5.927883926,-0.13669183,11.26981884,-1.067994744,-0.483745219,-0.376209307,-4.100846262,0.142248023,-1.369263992,1.9778932,-0.222394831,-0.104754897,-2.054119123,-1.829591491,1.641366302,-5.161914558,0.16200171,-3.638810596,4.822939614,-0.360757861,4.023450564,-6.12713908,-1.376728748,7.743480567,-1.224325625,2.704497611,-1.000472442,1.449796591,-1.238184519,1.348309967,0.716086807,0.594622245,0.830810866,1.342440879,2.966570722,4.995102526,-5.28243276,3.337166752,0.171941579,-2.069340706,2.264266932,0.446084142,0.171979508,1.553298946,1.581250308,-0.261655305,1.653688973,0.06870357,0.195627286,-0.872301528,-0.66184985,-0.280893466,0.373034083,-1.733234726,0.272023871,0.414420198,-0.466209526,-0.411919897,0.401523898,0.376843887
-12.11965768,-8.591598582,2.285332884,2.569529523,11.40577709,5.771130732,-3.904969815,-0.581551755,-2.343616146,-11.95915251,-7.043669823,-8.969868368,-7.233782589,-3.13689621,-0.024873203,6.841334592,-2.13478828,0.339863907,-0.275215381,-2.936449956,-0.232096485,-3.332331346,-1.553333666,-0.323090309,0.372738907,-1.825892876,-1.56159782,0.12455238,-2.02604449,1.268174813,2.085681669,0.494731058,-0.016960676,2.024907859,-0.308867083,-1.923927361,-2.174628972,-1.689981352,-0.323187425,-2.573404621,-0.377245264,1.435116322,0.932233441,-1.249409558,0.167831572,-1.529692028,-0.23530454,-0.717833716,1.338771259,0.656279866,-0.734776297,0.343081721,0.518791876,-1.190032824,0.688218863,-0.357466411,-0.078432176,2.760407942,0.292142006,-1.286248531,-0.281959466,0.178112822,-2.370052052,-1.52406307
5.618181043,-4.05455214,7.411748429,5.998327616,-2.453230576,-2.365118294,0.16887807,8.856923165,-0.066586364,-1.704632849,1.901054353,-0.100498281,-1.278893749,0.462258146,4.201227237,-3.139474611,-0.185403797,-2.850179919,-4.119938193,-0.299813577,5.888714298,-3.053631325,-3.750852502,-5.793025212,4.338473722,5.433519987,-1.787543097,2.215600237,-2.436729845,0.988307681,-2.641705325,-1.072608176,1.387172751,-0.360733679,0.206666413,-1.009547115,-0.021801287,-1.056845987,0.794238139,0.974590095,1.798669343,1.56940733,0.363088572,0.445976662,-0.102364154,-1.966212387,-1.374619748,-1.982663296,4.442406647,0.477908099,-1.556907007,-0.885226534,-2.820586712,0.791158389,0.029394755,-0.559036269,-0.606102781,0.872638183,-0.583911556,1.118765347,0.523541546,-0.893982536,1.662698888,0.192584014
-7.996656662,4.052947954,1.322882949,1.888162082,-2.080093435,1.17209191,6.596236649,-2.491879774,2.010022849,0.735353149,0.760545523,0.351628238,0.763725512,-0.893089927,-0.239704948,1.22205765,0.05439581,0.263535728,0.140620647,0.789301569,0.31681529,0.299855653,-2.284473934,-0.290858568,-1.353817565,0.704047069,-0.054372744,-1.440190358,1.596135264,-0.8748405,-0.361583871,1.014227633,1.838616337,0.373763981,0.693673924,-0.298406517,-1.327642247,-0.593344736,0.893469734,-1.446577662,-1.060537554,-0.794033622,0.289565411,1.842854491,3.423742238,0.557132958,-1.302196234,-0.16303408,-1.112759024,1.923893058,-0.379925442,-1.067292875,0.773598289,-0.673308593,-1.47250474,-0.126709645,-2.162036249,2.015430168,1.01580877,0.154406907,0.305863225,-1.449006567,1.820802761,-2.059994278
16.12041518,-3.518673243,-9.975707005,-7.706329036,7.335839148,2.412208823,1.615431687,-1.383065529,2.526221203,-0.640287008,-0.245128503,4.504404948,-1.721936239,2.760457316,2.126649193,4.072774804,-0.752519516,-0.691783511,-0.2372415,2.759157968,1.400941354,2.269492178,0.111253729,0.720146344,0.965559126,1.433817409,-1.051506754,0.873792277,1.103284375,-1.350692797,-0.476455822,-1.246211097,-1.18408795,0.030521627,-2.55142055,-1.114607946,-2.366839232,0.644737701,-2.453990442,4.902028998,5.508123387,1.589631182,6.325123852,-0.62034531,4.942282904,-0.346299129,0.010349811,2.08331598,-1.720467369,0.910207382,-0.795305021,-0.445814046,-0.939198759,-1.429009567,1.163439294,-0.547699801,0.788427481,-0.230241109,-0.726198338,-1.67807331,1.589887611,0.146337545,0.513267533,-0.382803237
12.03718492,-9.968224211,-1.300318409,3.821450456,-5.265373443,-4.844091514,0.114848084,-2.820895092,-1.068655715,0.557591437,3.103189975,3.984395228,-1.849061997,-0.86980905,-2.038514489,3.536085957,-2.822811036,0.312816008,-0.645126221,0.017982206,-0.401196991,0.488809996,-7.466445816,-1.34091356,2.632509837,0.446612489,-3.689191212,-0.267732258,-1.257461537,2.874441189,-4.44512093,-1.724665681,-1.548867078,-3.466586585,-4.209378476,-1.625016808,-2.626207935,3.154514058,1.673610235,0.655236976,-3.16784478,-2.980571381,0.78379171,-1.140731161,-0.540560685,1.800558899,-3.712474919,-0.663870038,0.686456098,1.090011062,0.187191749,-1.213664627,-0.030415378,-0.276580715,0.499215885,0.491657679,-0.120007146,0.065257458,-0.700772042,-0.20922351,-2.403693261,0.514200258,-2.357445628,0.59776398
1.451778036,10.60788208,1.44941157,5.026702145,-4.515976941,-1.489709698,-5.767803153,-0.851603997,4.103460436,3.224151685,0.814352177,-4.493768457,-0.030045332,8.266032202,2.241236931,5.154848281,-0.777589533,10.63126202,0.623848346,-4.793372051,1.623646688,2.551514606,1.014030307,-2.607451046,2.169386424,0.350124697,1.387144904,-0.146578097,-0.931822706,-0.951509898,0.85000714,1.505379181,-0.180132294,-0.933310327,1.066447281,0.90295592,-0.918958821,0.65919076,0.152227995,0.31001349,0.488491638,1.204972461,-0.706716759,-0.724381897,-0.384056562,-0.14686914,-0.21944875,0.702534115,-0.618776423,0.327203385,0.166284439,-0.340784682,0.043762477,-0.053276944,0.530064482,-0.921123449,-0.6777745,-0.369978589,0.025634581,-0.03297338,0.325364841,0.572573978,-0.168715852,-0.918476384
14.41723836,-2.1918897,-12.00003895,-7.149473697,4.208679846,2.618914339,2.849929876,-0.407967139,-3.210867547,0.111556558,-1.305676233,8.842137698,-5.638581117,3.10204996,3.912008838,9.492441817,-3.220654821,0.631421526,-0.473772119,6.790290661,-0.137157334,-3.034444217,5.631201114,-5.118125179,2.859521862,5.711229597,-4.992527755,-1.193015737,3.438040126,-3.196790514,2.23897935,-1.773524478,2.377100741,1.579139194,1.701942597,0.969412931,3.052671808,-0.873231666,1.572616353,-2.062628475,-3.475911844,-0.008452357,-2.360539065,0.342324091,-2.126583734,0.449396235,1.53258274,-0.048795034,0.01217797,-0.371857874,0.030983907,0.228831756,0.074535204,-0.048314603,-0.568303656,-0.145985601,-0.475259385,-0.167078505,-0.222377513,-0.079262588,-0.371616136,-0.387429434,-0.396605851,0.278430492
12.69759823,-4.13929129,-1.322229003,-6.185709958,1.158981949,-0.946001703,-2.211003119,-4.36385346,4.942395265,-5.176987846,-0.920204462,4.11811601,5.882516231,0.814545858,-0.894899121,-0.996086082,-1.664804301,-1.528816517,6.618980633,-2.504874641,0.265717141,-7.078980711,3.641589698,-5.034112311,-5.60460484,4.720731257,8.512085227,2.992576299,2.905445143,1.308142182,2.205289861,5.200898018,-2.511448551,-4.677608367,-2.783157779,-3.381989704,-2.43481028,0.095008952,0.521403695,-1.505993419,-0.814759223,-0.701238551,0.625352868,-0.14027802,-0.402197604,0.519387438,0.144158298,-1.469192233,0.520220922,1.455209742,0.461502043,-0.068514584,-0.229640697,0.328664356,-0.007521559,-0.129419453,-0.123892995,-0.471979951,0.176687098,-0.104237171,-0.276451592,-0.574560383,-0.368935149,-0.125230294
5.661900791,2.776811018,-0.911331872,-5.195556115,6.03825381,-2.563906824,-5.391666728,-0.496569686,4.301392793,0.592211059,-3.962566013,2.645626486,1.916984123,2.577040446,-0.213567229,0.327019941,2.040077207,-1.656192331,1.733078918,-0.714851665,3.348065386,-1.092925664,-1.466293956,2.794221922,-3.881989605,2.003460188,1.551960812,-0.466717335,-4.835460751,2.835621076,-1.126516723,-6.106073991,-0.361713507,-3.697659615,-0.26238228,5.801288896,3.585129474,-3.334874496,-2.251913799,-2.358598796,-1.301157987,3.093098235,-0.741447681,-0.359141641,2.433068037,1.10588653,-2.377027976,0.293474598,-0.595386005,-2.050060901,0.261890991,0.21222475,-2.050266655,-1.236141033,-2.303957528,-2.056309859,0.448249641,0.509739916,1.482447182,0.510931096,-1.213593111,0.026482663,0.200110903,0.611938567
14.57149928,6.226304851,-7.83063376,6.581271336,-2.058150719,12.48535226,0.446309023,2.408443823,-3.671200031,3.274700191,-1.419677783,-4.223353868,5.695643473,0.996921864,-0.018720366,1.593766677,1.367853145,-3.989114703,-1.508685406,0.095301024,0.007446274,-1.444633376,-0.310855462,1.645715425,-0.799467776,-0.115004466,-0.134998037,-0.004948827,0.006713634,0.396040216,0.027651783,0.132237323,0.076261544,0.801645021,-0.960680556,-0.244135017,-0.297377891,-0.145323594,-0.213136909,-0.448771805,-0.389721705,-0.328583007,-0.010293494,0.729232798,-0.18277043,0.258648593,-0.144269166,0.136540666,0.346994371,-0.355930785,0.123479089,0.259237145,0.315534293,-0.237990088,0.793747735,-0.468597178,-0.597818736,-0.444684239,0.169583021,0.063784079,0.21150635,-0.173530112,0.270521172,-0.237054583
2.159536435,12.30782104,-4.492003622,0.588492614,1.182729101,1.025896529,-2.385980308,4.402463423,-2.722493267,0.047752868,-5.457494758,1.930268194,-3.126166658,-4.434139175,-3.822383518,-2.565176103,5.23516084,2.444927298,0.315648315,4.111929773,-2.934705129,8.303911713,0.919177116,-1.695777156,4.676854054,-0.467965863,4.651788733,1.374702506,6.869115827,2.996124505,-3.424934873,1.465084044,-3.264261105,-0.514193783,-2.809432193,1.152759151,0.032939008,0.304544361,-0.27666705,-4.174476063,-2.086029814,3.693258716,1.156105354,0.460505158,-0.615147934,-4.354037622,-0.596884308,0.675031444,1.724666572,0.271833357,-0.243105195,0.887105742,-0.354177718,-0.167038331,-0.706101789,-1.12161705,-0.744123081,0.909986255,-0.763445971,-0.55188896,0.664482786,0.475363386,-0.097011331,0.240257991
5.548624409,-6.684468763,2.874727664,-0.666846806,-7.49604802,-2.480434866,-1.552459575,-0.297832315,0.496279055,-2.253546633,2.063831587,2.51516521,2.823154677,-3.4651187,-2.641144601,2.818362255,2.769276295,-1.424881109,4.086258249,-2.4091682,-3.53657129,-2.870513359,0.013739615,-2.010011504,4.245660954,-2.076200626,1.003563517,-3.937254537,-5.038673468,-1.516026414,0.257617671,0.982509284,-1.552963775,2.383310588,-1.255583726,-3.285043316,2.996615177,-1.478612989,5.813450878,-1.251653059,0.957436046,2.885106685,0.728654847,2.526056298,-2.1655704,-0.650246476,-3.232451743,2.941364159,-3.899299845,-2.884859251,-0.267218713,-0.375338353,-1.953979568,-0.929189018,1.102075382,0.854700619,-0.148990523,0.121492213,0.264027265,-1.694021534,0.869276893,-0.238201505,0.662859211,0.552102566
-5.816190721,1.930883413,-2.089534802,2.172797846,-0.233001968,2.553334905,2.955130732,-0.314675184,6.186815873,2.224442791,-3.15853699,-0.868338351,-1.425092197,-0.188220951,-0.445775879,0.477752737,-0.844718521,-0.062696519,0.079405385,3.017730614,-2.033982675,0.776148297,0.230157616,2.434763101,-0.093340242,0.112226613,1.333696682,2.107513734,-2.776989772,-3.950654039,-0.608074365,-1.150481367,-0.674972073,-0.659691633,-0.315822848,-0.388554301,-0.43393745,-1.169841678,1.891811635,-0.159983729,1.966889128,-0.64444535,-0.091842872,0.884708705,-2.187879496,2.356514753,-0.279803513,0.115193808,3.478261922,0.752219187,5.004682597,4.548423056,-2.819281121,1.996317002,1.772528168,-0.348751567,2.274897934,1.010321436,-0.416262422,0.399884617,1.418931709,-1.551748167,-0.624620827,-0.374059503
0.635659105,-1.760180579,7.134900347,-2.303247407,-5.687373601,2.373960803,-1.037702357,0.929836212,-1.684088059,0.498496942,1.836376985,0.956821472,-0.040527914,0.103487706,-0.604935428,0.044679933,-1.383105334,-1.455673097,-4.06781664,1.103263304,-0.055043114,0.438329855,0.724896754,-1.69630527,-0.251678322,-0.678321366,0.236918702,-2.884441025,0.920234093,-0.181095759,-0.362813451,-0.43541914,-3.837597077,-0.660315652,0.577864565,-1.679558616,-1.58887693,-2.041463749,-3.072150828,2.374464737,-2.021341395,0.758925289,-2.632307764,-1.910819218,-0.322224947,0.511383744,-2.365819404,-1.52749091,0.241057876,0.811320672,1.357068997,-1.597443924,0.703210573,1.230862713,0.75127376,-0.215057855,0.089022677,-0.414277805,-0.739326557,-0.466006975,2.417516286,-0.413716179,-0.004198789,0.443105646
-8.921554398,0.149867599,1.126036312,-1.158843088,-1.470133359,0.734977336,5.134222793,0.401950907,0.69966364,-0.219385048,0.595521559,1.191656851,0.443056872,-0.248200337,-0.793496647,0.298019873,-0.312228482,1.238857662,-0.358350046,0.011178271,-0.959244088,0.023048691,-1.565198846,0.616353271,-2.53437776,0.66708063,0.162283397,-2.62345492,0.890386398,-1.520149892,-0.881087891,0.392948403,2.451380577,0.88472983,0.255122075,-0.268481206,-2.705027147,-0.920928447,1.800976342,0.473606844,-1.108836963,0.782588111,-1.165903478,1.79158846,1.957842947,0.231478169,-1.083569112,1.172759085,1.420540788,2.633322059,0.149962601,-0.858601881,-0.050935333,-1.885896094,-1.215282928,-1.882007245,0.857276922,0.866321813,1.076007606,-0.139168959,-0.152179586,-1.37077187,0.278310706,0.25165725
7.803978465,-6.950107995,0.578817619,2.317879776,-6.964709937,-5.305651968,0.225736385,-2.266267129,-1.447905042,0.029055225,-1.576268145,-0.74812286,0.499255465,1.306193428,-1.321944587,-2.095324817,1.782817091,1.697797032,-3.69616874,1.286799704,1.29348999,-3.305078362,-2.671981058,-2.219864142,0.903833416,1.865242197,0.066556153,-0.368010083,-1.713824142,2.559047336,-3.487716763,-1.742962585,2.480801085,0.000831054,-1.128874911,-2.24550653,2.144918938,0.306442447,4.086267264,-1.427359354,1.046371957,1.254338301,2.003371784,-1.156559856,1.084027996,-0.671562865,4.053544636,-1.932772841,-1.034792054,2.164015978,1.956632862,3.76309099,3.821585692,-0.816441906,-1.889978799,0.296929807,1.161259344,-0.734923082,1.573539749,-0.167869958,0.811453901,2.520071016,1.493578423,-0.66028303
-0.747135694,-0.144279577,1.522875291,11.01839239,2.460553231,-1.988014306,7.223184127,10.13063853,3.149010224,-3.180816482,1.80571654,-0.33456193,-0.896082173,-3.122295654,3.439662408,-2.960145454,-2.133664311,4.324786028,3.011253669,2.291251544,0.46163278,-4.974922021,3.327816432,0.276951827,-1.288616328,2.426235083,0.942554567,-5.636027816,2.052227296,4.015708038,0.550307306,-0.566802584,-5.413446415,7.871451655,-1.428684214,6.375045469,-2.408241288,0.020714257,2.297404959,0.616926193,1.712599246,-1.706668165,1.012529425,-0.923354343,0.623918987,1.126700137,-1.45763051,-0.038196549,-1.39430911,0.599897809,-0.01197138,1.142367226,0.619139382,0.564560661,-0.019133521,-0.618756122,0.192481538,-0.548988319,-0.015000073,0.850102413,-0.689765729,0.58438725,-0.413403557,0.688493433
-10.06974294,-5.77678276,-6.927974514,2.455934183,1.734473509,0.270821875,-4.542359908,0.192879266,1.803979716,2.507778137,-1.438759011,2.123813336,-2.873845156,1.962222084,1.375861155,-2.48371647,1.296958781,-2.155611244,-2.013463799,-2.256003796,-0.67884516,1.098935008,0.511444107,-0.59147287,-1.515054367,1.211440631,-1.35897577,0.787177084,-0.678048487,1.856357299,-0.053967573,0.60056494,-0.120813899,0.01135079,0.341385945,0.228778774,0.952497884,-0.47508725,0.405261728,-0.358501703,0.851220763,0.609492667,-0.973730585,0.056709187,-0.047297002,-1.328277957,-0.086225252,-1.383623331,-0.965019467,0.770218364,0.201923049,-0.264184284,-0.173208512,-0.662987627,0.370710527,0.631823501,-0.235803105,-1.007553706,0.080313156,-0.113670835,1.170183664,0.508091863,0.151907906,0.605007433
1.937004671,14.65233136,0.832092518,5.548494639,10.26367263,-4.358408343,4.830651507,7.999940032,-4.878254573,-2.302837986,-1.553386513,2.98416189,1.605344323,-1.651844854,-2.981208981,-1.38151981,2.954849372,-1.236216323,0.293296068,-3.438888481,5.29143519,2.479817556,-4.311386668,-2.805227447,1.25220004,1.44213629,-0.543680062,2.24668293,0.418655619,-2.249489032,3.646742987,0.699213496,-0.660328045,1.918925622,3.788990683,-2.232183385,2.320918818,1.258880444,-0.298630727,-1.06184104,-0.384920255,-1.323340194,0.567053221,0.285552781,-0.224208883,2.079474872,-0.868846302,-0.77822881,-1.179461,-0.030090776,0.365338015,-1.112215439,-0.200648822,0.640628633,-0.131407302,-0.380926692,1.00588577,-0.357919409,-0.041900549,-1.330614451,0.328056144,-0.459469568,0.933809365,-0.752145409
-0.053781857,-1.906851828,5.008964082,-2.541025404,-3.402327604,2.411818955,-2.286680298,2.632834436,0.255039623,-2.380550147,-1.337172358,-1.717189488,-0.27090866,-0.379445658,1.35200552,1.376487492,-1.122301247,-0.893052141,-3.966798889,0.942672933,-0.094164253,-1.99312298,-4.389415426,-1.247231956,-0.980625245,-1.580031695,-0.717609023,-1.41898878,1.898602574,-2.957599573,-3.680314178,0.523217214,-4.707880878,-3.037364197,-0.289207001,1.197471022,-1.27296578,-1.022843258,0.903679672,-0.88315708,-2.511998302,0.033648802,1.497934855,-1.132399977,0.641879192,-0.009761861,2.557278539,2.409195638,-1.421924498,-2.481401358,-0.725300477,-1.102812377,-0.09232778,3.000591573,-1.351987756,-0.916593054,0.450497047,-2.003320372,-1.356323906,2.606959858,0.741568376,-0.971645534,0.934265002,-0.553705765
1.631564116,16.18009242,-0.005138488,2.730846263,2.228737911,-5.677845271,-5.026878769,-5.40470299,-2.266040971,-1.275015865,3.589477649,-3.033199345,-0.243450552,-1.23718748,1.536681678,-0.969687239,-1.111729641,-2.266132559,0.287083753,1.989785608,-1.808233072,-0.124911481,0.038597397,0.99018211,0.000341126,0.928346072,-0.291169745,1.063041336,0.649539953,-1.574545161,-0.172554312,-0.320261424,0.186341474,1.290315297,-0.732705509,-0.817609453,-0.186681098,-0.087552783,0.58347421,1.45649327,-0.169029995,0.114866999,-0.166073153,0.054853853,0.657152877,0.168712035,0.038152311,-0.658217851,-0.45541538,-0.170980711,0.342061354,0.364054819,0.201587374,-0.461901665,-0.115530023,0.037886275,0.527434583,0.014345977,-0.288638004,-0.069357407,-0.442637329,-0.628810675,0.161024278,0.302379055
11.6525596,-11.07041126,-0.705622585,-0.523694068,-5.309203007,-4.70787492,2.430972389,-5.490141803,-3.850122078,0.151028523,2.993080701,2.544835493,-1.725159027,-0.643865759,-1.591248408,2.850926147,-4.59109115,-2.604092262,1.963161118,-2.463844954,-0.265050208,2.959668059,-3.15333794,1.845973792,0.033413007,0.030438964,2.536667085,2.824484085,-0.89558788,1.258144035,1.426697313,4.563434526,-2.378888129,2.80248702,2.265488082,3.682297634,0.472343257,1.372267439,-0.425268794,-0.281888777,-0.121470062,-0.341369375,-1.924329592,2.255371115,0.079824478,2.071173754,1.095199357,-0.5036369,2.103558443,-0.75208619,-4.98792022,2.607558611,-0.741864993,-1.415197691,0.374295813,-0.621799862,1.389894246,1.70197521,-1.233710712,0.829962525,1.495082566,1.741920498,2.045799128,-0.352236001
0.895354546,-12.56791813,-12.01641833,6.32596405,1.84780783,-2.554148356,-1.425896382,-3.027755045,-1.868726384,3.677609529,-1.944125012,4.031648356,-3.280721786,0.785466433,0.334288367,-1.711792532,0.448005916,-1.06701809,0.077008183,-2.984740492,-3.199584491,2.159188693,-2.551204111,1.231455248,3.352444251,-2.14242475,-1.907150573,0.128888552,-2.485323854,-2.979786662,4.062397851,0.565532226,-4.029634524,-0.706249252,-4.929218594,2.623200981,-2.461185296,2.531069682,-1.165962024,-0.358092963,0.006038548,-3.795271317,-1.576006708,0.484680656,-0.616823317,0.421804077,0.790406898,0.067283984,0.825551287,-0.271320919,1.954903284,0.222815169,-0.243610942,-0.335526202,-3.044072439,-1.910847134,-1.543367986,-0.869819094,1.743188037,-1.493018902,0.696068738,-0.189976052,0.891055296,-0.216500241
-2.001241718,8.569117645,-0.754741194,-5.286942558,1.884624293,-1.318159333,2.680994399,2.127153047,-2.298005649,-1.424087995,-0.802045065,5.29720621,0.084086277,0.852033081,-1.594763579,1.305995386,0.18247416,0.729297672,-0.697198596,-1.06350226,0.294779376,-1.342039854,-0.511000274,-0.564487034,-0.953590013,-3.372479751,-0.544218319,-3.442396622,0.675908665,2.790085924,-0.989003988,2.527644038,2.891335071,0.483617731,0.262152598,-3.13660635,-1.468451698,1.746245099,-1.292444496,2.335945816,2.564850017,-1.04088416,-2.30788991,0.808529606,-0.658031469,-1.662740446,2.157262292,0.085074787,-0.381018869,-0.749682419,-0.446944993,-0.566292846,-1.868123947,1.237017606,-0.708461563,-1.805536157,0.210546566,1.632411765,2.489510117,1.198375346,-0.550381303,0.429091301,-0.123805999,1.298863816
0.680693894,6.3198112,-0.865557825,-5.270256955,-0.113723138,0.068415203,-2.891253461,4.019864849,0.292210772,-0.527343895,-2.696437488,4.696385428,-0.960235369,1.056735955,-2.026337486,1.531964713,0.783768679,-0.32030992,-1.542148756,0.001466462,0.906883796,-0.539264193,1.091141267,-1.1889504,0.192302715,-4.045245798,0.454536206,-0.253916605,0.539381242,1.721247439,-2.598290875,1.886338178,0.971130717,0.961587906,1.004752967,-2.00760839,-0.901064945,-0.184216358,0.462670343,0.008694064,3.224150347,-2.492920861,-2.051487771,-2.100820367,0.195351234,0.481488968,0.704276883,-0.317104141,0.05638661,-2.216180644,-0.166981174,0.07458211,-1.343268363,1.054703686,0.723512939,-2.308445225,2.499351274,0.548904771,1.734727521,0.645069882,-0.2537535,1.952149304,-1.017327724,1.262420932
-0.905486903,5.590137229,-0.943983783,-6.918416258,2.915324692,-0.29659501,0.657770001,2.536585833,0.860256124,0.599978063,-1.298796452,0.888218372,0.310038383,0.773979528,-1.264220619,0.921391521,-2.328158011,-0.017981782,0.050800849,0.751336168,-0.44230289,-2.038547234,-0.221166155,3.002881121,-0.482479739,-0.2453979,1.795232853,0.163857341,-2.629480898,0.06222533,-1.029423743,-0.154196331,0.654427037,-0.504723379,-1.250580259,1.323010661,-0.620069424,-1.213385125,0.678679447,2.973156169,-1.12947318,-0.399660482,-2.103422188,1.730775439,-0.201856449,-2.430315917,0.557409024,1.489007399,0.338197474,2.222050666,1.242557099,0.451789284,-0.084551063,2.067590231,0.360217007,1.243981689,-3.30472658,2.423366815,-0.823070084,-1.3329161,0.660993033,1.711224148,1.513489122,2.428876759
-1.904987164,-4.14690439,7.048750176,-4.491812326,4.148672558,-0.525870441,3.346372701,9.861771876,-4.062922994,2.490772158,5.75430625,-6.407621453,-4.505924881,3.220523021,0.664712075,-1.474968389,-3.174072374,-3.365199781,1.870963599,-0.334615902,-4.498231928,0.166476765,2.723944052,-4.13074413,-0.817754625,1.269579932,1.265503266,-3.002230878,-3.745769239,-2.326622094,-0.668555688,2.228789163,0.66945607,-1.289921902,-1.828848637,-0.51648135,3.270212726,5.976787757,-3.061175163,-4.635724656,0.463401653,-1.529602693,0.121346769,-2.005455483,3.457488429,-0.896593973,0.494241942,1.909615486,0.87116318,-0.56831612,2.577397688,-0.42605938,-0.620812572,-2.085085284,0.710324272,0.983668572,0.37606526,0.818780502,-0.576635282,0.92738024,-0.538798808,0.597203281,0.748031262,0.096299602
12.44032744,-13.62294433,2.959639366,4.705134627,4.465287801,-10.49408623,4.541187027,7.467562015,3.657205088,-7.180685104,3.096445484,0.940392432,1.889147121,0.826186094,15.20521317,3.052353895,4.654686233,-0.913930871,-4.547194188,2.432463406,1.726168852,5.867611502,2.150764655,7.280098336,-1.099897138,-3.719432369,5.058982491,-0.361162445,-0.050134906,1.48557619,1.490412754,0.701028843,2.546811714,-2.038899048,-1.564561261,-2.847355375,0.258550447,0.418755631,1.513638715,-0.388479348,-2.239135702,0.063067259,-1.35705229,0.097652165,-0.617026984,0.864740408,0.496306227,0.3857146,-0.032566473,-0.608227129,0.011699707,-0.295282336,0.46146762,-0.074730533,0.160115892,0.354930954,-0.128625475,0.140886023,-0.106702669,-0.251590776,0.097028433,0.040670262,-0.331544716,-0.395531863
-1.60199908,10.75700843,0.507554712,-2.86047514,1.284305657,-3.450328628,1.102074677,-1.326364117,-2.514149915,-2.175114628,1.346470388,1.947214194,1.569539658,0.918264789,-0.651264353,-0.413059605,-0.074332662,0.437762298,-0.606772857,-2.066529527,1.242103164,-2.465169588,-1.471245445,0.846326012,-1.903263627,0.114083482,-0.466554096,-4.555001334,-1.679760247,3.321557255,1.215074219,-2.088289407,0.435620646,-1.388802231,-0.303345961,2.136690479,-0.756291301,-0.039300342,-1.371328329,1.247284032,-1.864348824,-1.449466078,-1.669208127,1.164393835,-0.810696426,-4.471408631,0.355696877,1.090336804,1.357934911,-0.47908655,0.208142015,1.141961965,0.839029574,-1.483245939,0.981919998,0.953579643,1.746154796,-1.827221042,-1.69340126,-1.146812851,0.909391087,-1.801493558,0.104484872,-1.885052267
-11.0488065,-6.670823336,-1.803734195,0.646499676,-0.949362544,1.993275109,-4.19549653,0.352034518,0.622614292,-0.951956002,0.606039896,0.98368954,0.307078813,-0.880570242,-0.869868197,-1.22919363,0.758851548,-1.127808251,1.282731491,1.149003233,0.828186964,-0.442841553,-0.935068491,0.971011148,0.226289515,-0.433380134,0.668332867,1.050286223,0.754937443,0.323172532,0.200968548,0.780694531,1.83394173,0.125629868,0.239758263,0.465091038,3.167775827,-0.385919888,-0.759326694,0.325538268,1.1405971,-0.181718452,-2.755230173,-2.871919851,-0.432115068,0.94982152,-0.444537497,0.342748476,-0.108353016,2.68706127,-1.382435124,-0.145540309,-0.61270632,-2.199785912,0.44266601,-0.009301458,-0.616627686,-0.426466207,-3.518682433,0.938395212,-0.766736923,1.087059882,-1.395831267,1.488523059
-4.393076077,5.010681042,-1.406404016,4.647547245,-1.821333887,0.302186427,-1.945619545,1.366073162,6.499353404,1.312453901,-0.649175758,1.177870663,-1.651580339,-0.250882503,-1.122747093,0.441427746,-0.828279366,2.239052718,2.491102634,3.083086729,-1.164527527,0.964645,-2.687819878,1.625973379,-1.782411154,-0.585723229,-0.122093759,0.323279036,0.426304208,-1.305084693,-1.340861041,-0.784597423,-1.269874134,2.264865652,1.254761351,-4.794641395,0.884445595,-1.695864589,-0.973039951,-0.842368608,-1.902810718,-0.681934252,0.71827026,4.805398764,2.82047895,0.804957077,1.545321116,0.727983068,2.89762798,0.482886854,-0.547677317,-0.672083166,1.622339973,-2.085305462,0.247506786,1.404045004,1.764305222,-2.036121535,-0.333916731,-0.333503413,-1.032317103,-0.115334792,-0.27774851,4.067950463
-11.43250742,-4.192053141,-1.894567272,1.29801043,0.278539368,2.602050547,-2.861084797,-0.146232297,-0.199756178,0.085282471,0.829324243,0.666793086,-0.020934236,-0.593813552,0.787929334,-1.220057141,0.671864172,-0.118459333,-0.943154565,0.730089572,-1.606624787,0.848479389,-2.049444298,-0.758368359,-2.442397895,0.095587659,-1.518188999,-0.158539958,1.092776757,-1.471935132,0.544196273,3.682780191,3.385151718,0.10348747,-2.79851487,0.05012878,3.766456197,0.401680863,0.764991727,-0.268420063,0.316754981,1.437859775,-1.119583555,-3.358175139,0.827817603,1.356797244,-2.585151095,4.143951907,1.197040719,3.191754563,-4.115495142,2.576502173,0.646645648,2.388393288,0.611003953,-0.052083684,-0.407216801,-2.493788164,3.669310772,-0.208271148,0.738619527,-2.191430208,-0.030587946,0.156658211
-0.203516906,0.419548699,4.337192896,-2.740176459,-4.792505943,-0.461406784,-3.018078775,2.130709386,3.174299513,0.271610097,-1.793407388,0.252311568,-0.179482967,1.147603652,-2.435891267,-0.601584074,-1.592220572,-0.060598473,0.877154874,1.348935781,0.99743398,-0.370001585,-0.588168529,0.663202962,0.215565103,0.243093894,-0.191521943,2.029878616,-0.444620188,-0.874175066,-0.09221879,-0.049097915,0.056480924,-0.399205821,-1.296541816,-0.121884291,1.404172884,-0.294208196,0.373950713,1.998790637,-0.750937246,-1.650057159,1.026733619,0.231017785,0.58571865,0.911731029,1.384125546,3.359014725,-0.486237413,-2.132622919,-1.819750391,1.099252881,2.765212612,1.049126972,-0.756734026,0.214736169,-2.052256958,4.091230065,-0.734407693,2.000311797,-1.657731298,-0.119265778,-1.561680874,-1.225154779
7.121061953,-5.76588485,2.459455729,0.529267483,-8.292998989,2.806678705,0.452489314,0.295733812,-3.811182758,-1.876221571,-1.772831719,-0.98940479,1.789157052,-1.031859398,-1.523030016,-3.806742467,0.892510198,-0.503288636,-0.675021552,-0.385927864,1.088303628,0.375718744,2.434170586,0.501749838,0.314772247,-0.242683439,2.098638287,-1.387868088,-2.356863916,-1.914274378,1.452907449,-0.157363439,1.342292813,0.078987591,0.715777467,0.254685236,2.130326883,-0.164232809,2.002681044,1.570380856,3.539980642,-0.468412896,0.738661603,-1.913928436,-0.919377224,-0.268168499,2.841444411,0.682136857,1.224882108,0.439494493,0.036130612,-0.347643965,0.630419272,-1.443020985,-2.952172761,-3.617512291,-1.346883179,-0.557588645,-3.480932257,-2.076940016,-0.946864421,-2.529898135,-2.038108915,1.092514021
12.51965204,-10.00044543,-5.578318211,23.01220303,6.415817623,-10.68925596,-0.183914626,7.698272616,0.102024234,-2.312438032,5.745399858,-0.840993525,1.19596892,-2.900893034,-12.55230631,3.51530275,-2.91193134,2.62876289,-0.926505756,0.102440933,-3.067157775,-0.927820836,6.948787081,0.079579277,-3.295555328,-2.176287404,-2.273334032,1.385935153,0.287312276,-1.854852239,-2.51058187,-0.654012523,2.110804,-5.032329273,1.18292642,0.808074353,0.367108697,-1.971123955,-2.198992487,1.25411827,0.347212961,0.715068996,0.08750387,0.450119773,-0.448139409,-0.558852224,0.727105055,-0.135626159,-0.762804217,0.372039945,-0.982441054,0.061014321,-0.144619817,0.345989107,0.023271684,0.018979219,-0.021964087,0.031301987,0.068998089,0.000224407,0.503978248,-0.412139139,0.368224321,-0.144238966
-4.980680683,0.796304359,0.398350034,2.966173454,-3.639755462,0.577712226,-1.805380969,0.672753652,5.613527571,0.040124297,-0.442540126,1.859010427,-1.82269206,0.583447532,-2.092342334,-0.590835567,0.048872097,0.801806523,-1.077339145,1.889476798,-0.959467656,-0.612954274,0.70334232,-0.508198715,-1.490669376,0.291817706,1.145526608,-2.325848078,0.063351996,-1.120587513,-0.551371836,0.015294964,0.590659885,1.395327478,3.842083799,-2.322383794,-3.308837765,-0.500378827,0.406996264,-1.226490327,-0.075485396,1.006941376,-1.18080049,1.670300016,2.535329771,2.209311599,0.000439423,2.439208642,2.605420318,-2.298141271,0.962515955,-0.991412619,-1.824470179,0.00823829,-1.362396771,0.376891976,-1.624830059,-2.391378825,-0.338794146,-0.8056824,-0.766455302,2.800554673,-0.729311257,-3.130756042
1.461512349,-1.725010537,6.07281539,-2.148426757,-6.366857221,0.925047097,-0.954222237,0.031307264,-2.204665669,-1.112818369,1.239882146,1.882172326,-0.57848174,2.359563252,-0.045604622,-2.486931725,-2.042169885,-0.896201928,-6.498439581,-1.223205395,0.536915945,1.176829905,4.557015701,-2.279980946,-1.202135092,-3.022927226,-0.39396556,-1.748037474,0.763775432,-0.967086095,5.766363393,-2.382943856,-3.398412634,0.930911163,-0.204690046,-2.483963398,0.499419737,0.199866081,-2.415072285,1.363416714,0.823101306,1.803220961,3.155006812,2.888073264,-0.478095127,-0.647004815,-0.933830599,-1.128919709,1.615873399,-0.423487087,-1.475552798,2.692318409,-1.115325568,0.038178489,-1.19176638,2.119099256,-2.205338295,-0.448782461,0.616197302,1.683611871,-1.588749734,-0.065837199,-0.068565847,0.272718363
18.19304511,-2.952853806,-9.341997881,-13.09967073,8.122690784,9.30474112,3.718508981,-2.317311312,13.5282005,-4.41044382,18.75239643,-6.503616636,-6.001809927,-0.776540366,-6.170803256,-4.565462592,6.176310972,1.910037145,-1.978853553,-3.491887654,2.035792016,1.134225862,-1.712072814,0.875781425,0.909640948,-0.210103439,-1.005158882,-0.062042018,0.882686104,0.10274157,0.442190232,-0.751268952,-0.76036088,1.690678804,-0.1029614,-0.253646987,0.503785837,-0.476477342,1.138865178,-0.123105007,-0.997181166,0.475174387,-1.253071449,-0.591094348,-1.223893527,0.030429154,0.984806157,-0.340870357,0.326944724,0.028444919,0.112789721,0.050593192,0.020984475,0.425302428,-0.229099021,-0.154592388,-0.123287726,0.096384383,0.205232475,0.518230194,-0.387594232,-0.170540869,-0.092422986,-0.068626115
8.288871343,-4.73545358,2.082008907,-0.111197072,-7.286733387,6.464187411,1.195795498,-2.854984497,-6.856529743,-7.535472147,-4.977820285,-4.629951716,-4.881965538,-6.641152828,-2.232060195,-1.994452779,0.436104933,3.160129383,0.540060947,-0.330265295,-0.979115886,7.14630761,3.017543566,-2.874074988,2.177978072,6.294649176,3.840802921,0.203574013,-0.144645552,4.998044763,0.57309968,-2.672030004,2.851788946,-1.859847159,0.145770513,0.781974808,1.396743898,0.440052627,-0.002058573,4.649593089,0.06975892,-2.609553748,-2.319971979,1.624073598,2.151504174,2.270781608,0.023040143,1.169657322,-1.044246653,-1.284005202,1.37302829,-0.598324896,-0.702308094,0.425039748,1.010818276,1.495379713,0.329355549,-0.65390566,1.786727582,0.468704535,-0.383291298,-0.872434264,0.114781199,-0.117919178
-8.802117755,-1.838272678,-2.1088049,4.398307432,-2.462331106,2.391616297,-4.511824027,0.242660272,6.998309057,0.762849518,0.247371031,0.507425599,-1.131395122,-0.966110425,0.227780273,-0.16380463,-0.446386698,-0.131896346,3.013103597,5.180704456,0.597293679,-1.851981198,-0.750001263,1.741719738,0.480484965,-1.547479361,-0.470068346,0.792655698,0.747579677,3.311781747,1.57836006,0.975302445,-0.879047841,0.99619837,-0.060969603,-1.101933797,5.169500699,0.038496211,-0.473880879,0.663177617,-0.267366775,-3.868540182,0.845402938,-1.433759647,1.851129074,-1.923133719,0.047700472,-2.368505797,0.625432846,-0.098291509,-0.521577523,-0.463080126,-3.188476913,0.495816304,-0.151433822,0.581683515,-0.400304973,-1.203512054,0.184689173,-0.832299552,0.67389792,-0.227165564,-0.529503153,-1.651169628
7.576504673,-5.62049798,27.79682098,5.618672086,16.9397909,11.87692476,-6.163083233,-7.033430036,-2.482695585,13.09313798,3.504094311,9.272085749,-0.31165553,-8.67344477,1.594525582,1.544035345,3.660280336,5.637969129,-3.7597908,-0.559761265,-0.893669999,-1.700793103,1.267977519,1.058357677,-0.727289602,1.516771142,0.820439723,0.927540274,-1.929146391,0.386227728,0.135173225,1.379424392,0.613788523,0.27362329,-0.433362865,0.140282666,-0.303144296,0.351251885,0.360955658,-0.108452517,0.030148761,-0.634305454,0.579100409,0.214775346,0.190373294,-0.217849635,0.989349026,0.197463673,0.154033726,-0.286329189,0.007785062,-0.067763763,0.063629586,-0.081632809,0.032164978,0.06976835,0.086904317,0.076220559,-0.37981403,0.13591976,-0.101599491,0.16687126,0.066991256,0.020648498
-0.729137033,2.079541424,3.204506613,-0.157153459,-4.317429126,0.413827392,-3.561492689,2.204911694,5.795273162,1.558242029,-0.666002615,-0.487580653,-1.284978671,-0.358835899,-1.155361413,1.013860612,-1.82663825,0.264055017,3.803149504,4.833624328,0.426653425,-1.807079611,-0.80235995,4.188215672,1.377911544,-0.387499641,-0.296839474,0.99744749,-1.559583641,1.780082969,1.078449628,-0.077743466,-1.894730252,0.932625114,-0.472208066,-1.911753239,4.624323253,0.59815926,-1.359359596,1.254677204,-2.593135477,-2.691337625,1.360302226,0.756348751,0.329157888,-2.475217278,1.480809187,-1.294499345,-1.36458104,-0.306970837,-0.443102569,-1.122856655,0.843410848,1.277868527,0.505680457,-0.969001285,0.919106019,1.632708227,0.777473625,-0.582492011,0.35865244,-1.673642285,1.056586547,-1.124187614
12.59423111,-5.834030422,-6.832572557,-10.46980305,8.744321557,-6.845465403,-0.417917953,-2.821673583,10.01566148,4.614888706,-8.256079337,-6.549685055,12.87513574,-8.776193299,1.25878093,-4.261842861,-11.10164904,3.620375399,-6.544045604,-0.132685052,-2.12083514,2.019188772,-0.634233752,-3.703270327,2.386583308,-2.308172214,-0.676841354,-1.895668657,-0.10535298,0.205833038,0.043723391,-0.231233187,1.731858238,2.242210369,0.999443019,0.077630306,1.078230378,1.148118782,-0.419470374,-1.016298314,-0.462120704,-0.303480871,-0.689985539,-0.095304146,0.214823573,-0.005238322,-0.346817093,-0.53690949,0.0507337,-0.088209542,-0.383658209,-0.480395925,-0.356629155,-0.281680298,0.171831204,-0.069550412,-0.021562731,-0.062576766,-0.252009251,-0.08231191,0.14529627,-0.26102413,-0.113559039,-0.118029738
0.833811821,-1.316446973,4.804662239,-4.104725978,-6.022491493,-1.705111627,-1.822559296,-0.908898359,0.053856182,3.176845287,-1.464803119,-3.33717916,0.478095086,-6.411757903,-0.645688717,-0.59555821,-1.943016807,-2.22487318,6.380961105,-2.242280972,13.62965684,4.705077646,8.012108079,4.785539564,0.562724655,1.846296542,-8.105867759,-3.01293676,-0.277690707,-1.591112705,-1.450341089,4.142957935,-0.155953069,-1.103334303,-2.947855142,-0.931040985,-2.214963232,-0.651137713,0.186702481,-2.250478569,-0.871090726,0.453001409,-0.130639068,-0.002440327,0.538691273,-0.250305671,0.733392832,-0.189567372,0.293765252,0.028249744,0.422473843,0.628133239,-0.383322144,0.351624645,-0.140836048,0.383287959,0.194507033,-0.593348119,0.411081678,-0.298521726,0.215172836,0.53051018,0.110833869,0.349437418
12.60658996,-12.30687158,4.889284305,1.409565185,2.232234873,-3.486859042,4.366770759,-8.892959232,-3.444802743,-3.945659762,-7.416661481,-3.004915116,-0.252614067,7.204192908,-2.627643099,-4.308132923,5.175267988,3.776292383,-0.720643904,3.529198565,0.494449332,-1.636726176,-0.029499714,1.849552636,-1.46153182,-1.154603137,-2.4144538,-0.608958427,1.011072487,-1.091877457,-0.616781876,1.661512654,-0.888415623,1.924444749,0.586129384,-1.019922507,-0.145563017,1.177994915,-0.777503745,-0.839426408,0.078792141,-0.516342555,-0.484499058,-0.157621827,-0.297763495,-0.737356149,-0.7995563,-0.032976383,0.102872434,-0.340728988,0.085545221,-0.577747016,-0.28641586,0.581747366,1.097509966,0.770702631,0.053254088,-0.292002409,-1.150984686,0.491575918,0.384697344,-0.405970392,0.303876363,-0.148918854
-1.0156628,0.85023684,5.476250796,-4.231845973,-6.613009308,-1.01025473,-3.409773832,2.379735731,0.774551765,-1.081352554,0.371205709,1.517414027,-0.382964324,0.502861716,-2.9030053,1.134009218,-1.455239211,0.583447456,-2.312025997,-0.946650863,0.909735864,-0.795071097,0.233110199,1.308547963,-2.069022549,-2.088948417,-0.603614115,5.279882095,3.972295097,0.455077514,2.512721239,-3.684041038,3.746492308,1.499258441,-2.375902685,3.155187757,-2.415221716,1.536141824,2.506240842,-3.936345294,1.635531467,-1.048135656,0.353064601,-1.212722783,0.52638132,0.577160311,-0.190911209,0.68206506,-0.055897634,-1.782929095,0.287503508,-2.21767729,0.455359453,-0.249668392,1.671751964,1.575565614,0.088729857,0.404248939,-1.239067036,-1.047589318,1.367045592,-1.635830932,1.665542139,1.502346794
-1.031629661,1.369438625,5.075376578,-3.412524813,-6.512879565,-1.077514815,-3.157305178,2.167571568,0.715810412,-1.130225236,0.40743434,1.633603001,-0.554097465,0.393954138,-1.99014816,0.601599734,-1.168125068,0.634828196,-2.258503672,-1.323430144,0.519180352,-0.739893618,-0.082570404,0.540326549,-1.963059736,-2.380626603,-1.039583031,4.092822049,3.243530682,0.680630225,1.744784949,-2.794160318,2.809176899,0.93427727,-1.538841679,1.837802147,-2.010581973,0.97360347,1.982880906,-2.467935813,0.748944973,-0.882126141,0.376186132,-0.591152832,0.642257597,0.300175374,0.308700149,0.424092233,0.431285846,-1.050435193,0.36177817,-0.468956001,-0.435616729,-0.049454838,0.477519152,0.335283122,0.526588748,-0.125958395,0.515011512,-0.179529506,0.316471451,0.137809906,-0.257930625,0.151714276
-1.198229421,-1.145344141,7.405344626,-3.251177937,-6.791182549,-0.640292321,-4.191581367,1.812064166,0.59751129,0.439472183,1.255872304,1.312375597,-0.215748525,-0.288144192,-3.318729913,1.822969182,-0.8502886,-0.885080369,-2.694830362,0.475661616,0.879229565,0.086976107,2.043369213,0.639044903,-1.114836198,-1.942820913,-0.13699176,3.115248282,1.881973324,0.965207898,3.611399248,-3.919829224,-0.534027744,1.718099195,-1.393359985,-1.394535895,0.939513456,0.426079332,-1.451429177,-0.303595037,0.077328897,1.037801755,-0.961399401,0.129761732,-0.282871537,0.983759554,-2.062190748,-2.023134307,-0.814333315,1.129084218,0.670496298,0.948941598,0.242672758,-1.239457404,-1.574652678,-1.054182303,0.73518331,-0.370664717,1.02174464,-0.751039504,-0.26887868,0.941622753,-0.646752065,-1.430075722
7.772048758,-4.866831224,18.96969558,4.205140081,11.56303123,5.380810452,-1.065366181,-0.40182245,2.8302395,2.242770931,-0.473417336,-2.376145061,-0.957230916,9.100107147,-0.768087659,-2.317462027,-7.922727771,-8.71325159,8.756128172,-0.493285627,-1.955081293,5.707022337,-2.240486584,-1.302139552,2.30074452,-2.550977906,0.641937202,-4.205616945,5.139414965,1.313779698,-0.468976204,-4.290703787,1.822239113,-1.232066462,0.479781473,-0.084206671,-0.323356281,-1.550422394,2.416105204,0.407617952,1.152463149,0.215934867,-0.337225744,0.803686619,-1.994849658,0.576794442,0.879380207,-0.662063701,-0.5772821,0.772353882,-0.574682954,0.212825449,0.529318003,0.721302012,-0.425200973,-0.139796211,-0.138369345,-0.677963526,0.476806195,-0.569138889,0.520122979,0.186445902,-0.045949844,-0.115557032
-0.169943339,-3.301949235,8.804316619,-6.05805976,-4.17101104,-2.859941947,-5.131575719,1.749246977,7.320196725,-6.177026544,-1.694178956,1.16805635,9.819809324,-1.414768866,1.149996368,6.532264066,12.05448973,-4.263727107,4.004300534,-3.310366291,-9.140976622,3.052615599,2.422014082,-2.34859399,1.530509645,1.428489279,-6.413028848,-0.875659796,-0.140464271,0.042894992,-0.682794609,-0.422203578,-0.007956891,1.28651138,2.677568236,2.999360494,-1.135088473,1.029037472,-1.280541742,1.181088139,-0.176516751,-1.186677754,1.091000263,-0.713769058,1.05363788,-0.054997431,1.021132417,-1.649671038,1.911713942,1.540674827,0.191147467,0.51033694,0.542545848,0.467762457,-0.000941869,0.378970927,-0.08381613,0.160622415,-0.137667184,0.781745809,-0.174463252,0.060769907,0.276854439,0.037322165
13.20567347,-11.9434858,5.776749414,1.584748841,3.023191596,-3.155373268,4.523804232,-9.773165638,-3.076708099,-2.863971914,-7.467233452,-2.347309258,-0.168226805,7.796650683,-3.085742221,-4.594195265,4.961967145,3.446506182,0.302272445,3.663271093,0.581717877,-1.239987035,0.022866412,2.02255106,-1.762125133,-0.751065601,-2.402506339,-0.900902422,0.335852082,-0.391118673,-0.694397534,0.746262535,-0.228758971,1.491809552,0.619806703,0.101364697,0.732699103,0.01550533,-1.168101555,-1.524986752,0.276955424,-0.0710753,-0.657168508,-0.264460164,0.4339607,-0.116659706,-1.644127157,-0.139951938,-0.160249806,-0.416414772,-0.044890479,-0.534075081,-1.036510773,0.393637142,0.474854102,0.25266219,-0.258324304,0.665435176,0.340561141,0.490895596,-0.413849402,-0.198643513,0.367457471,0.923421012
-2.799607432,0.020015254,5.479198048,-3.712171098,-4.74322611,-1.985729604,-1.469005613,0.183122998,-0.222907862,-0.23988767,0.309551692,-0.886882865,-0.251364309,0.316924037,-2.288429395,0.672530085,-0.125705135,-0.628587081,-1.199600177,1.8860002,-0.625085327,-0.765884088,-0.498150769,1.206450755,-0.099927739,1.609334996,0.231289785,0.186276535,0.390630103,0.43210608,-0.243490827,0.298018581,0.327475745,1.317345298,-0.162341051,-0.009796304,0.01996042,-0.229572404,-0.341686013,1.335824198,-0.135310318,0.190425598,-2.66746354,-0.074461838,-1.252254572,-0.562764924,0.989780574,2.14329809,-0.756630736,1.566745963,0.269376544,-0.824919523,-0.37087087,0.326528247,0.18568802,-1.489371769,1.024466185,-1.092359327,-1.816739905,-0.545849917,1.481268328,1.55113695,0.249776576,-2.793286405
0.08014107,9.772306606,0.568266388,1.115669862,-2.520351688,-2.011108305,-1.97281624,-1.116666462,1.026285242,0.048722103,0.330490236,0.248623981,-1.585140768,-0.683133165,2.430284632,-1.389332134,0.812747967,0.343313161,0.810413999,0.396052609,0.618656451,-3.882210561,-0.232276282,-0.36322818,1.693841416,-2.15625239,-1.597302393,-0.579919908,-0.964147833,6.172439027,-2.837236506,-0.306240686,-0.690165849,0.614336874,-0.185492329,0.146506252,0.714526134,2.151039882,-5.575913878,-1.839466594,0.589861199,3.067050967,0.714487552,1.518691585,-3.328317858,6.438268817,3.813030367,1.934620261,-0.765219159,2.586071701,0.661217226,-1.019195455,-1.349569979,-0.420903856,0.486098177,1.092135794,-2.135678705,0.40301982,-0.173073216,-0.810687265,1.237670226,-1.295008028,-0.227648417,-0.016232573
-7.9464807,-0.519480102,-0.161027374,-6.183096768,1.145210001,-0.47189948,2.547592513,4.093960636,-5.127147585,-0.489211422,1.004567951,1.529143944,3.029905034,2.604802311,-0.442948769,-2.579658141,-3.491721733,3.898996251,-1.770879006,-7.148702863,-6.111024385,-4.540383529,0.51515112,12.93030823,7.50782217,7.038747925,-1.062571857,-0.905016965,5.152778246,0.527555685,-1.177567576,0.16961044,-0.525122002,-2.994257645,1.743754589,-2.369559424,1.368796228,-0.968980812,-0.104032767,-1.308491741,1.275814153,-0.029518596,0.687121542,-0.437727935,0.630099994,0.995781619,-0.676404545,-0.89060535,0.616268279,-0.979863463,-0.566213541,0.387764851,-0.404379902,-0.078841143,-0.243032718,0.367622903,-0.333240126,-0.281068409,0.242835337,-0.154144141,0.092191783,0.017296831,-0.338277389,-0.177012397
0.370443697,-0.55408257,3.652749949,-1.959284833,-5.580657458,2.724870755,2.794227295,3.633378989,-1.216764974,0.455813196,-1.891785349,0.102733463,-0.994489794,-0.322584644,1.499472213,-2.865630576,0.017506554,1.07739358,-1.994658303,0.621232094,-1.651819166,0.593476472,-2.678415707,-0.871380005,-0.915135806,-1.582726,0.452674834,-0.563458481,0.928098419,-4.46607184,-1.54995282,2.157348018,-1.905032536,-1.823978737,-0.432982012,3.263519232,-1.413944298,-5.079726773,0.898716243,1.108800067,-1.510827438,0.04693424,-0.416735916,-2.533772588,-0.54793776,0.332787094,4.673617126,-2.103343519,-1.459102106,0.549254473,-1.187606839,0.007586266,-3.209463161,-3.516367215,2.640886563,1.968753168,0.197633225,0.236892305,2.054584871,-2.251480804,-3.10997191,-0.255622075,0.93162699,-0.779412141
