-26.38278479,1.846979168,-2.262079952,20.18585456,-0.816837757,-2.313306975,-0.113503977,6.77635801,1.853982803,-15.45054735,3.659285971,-2.60454864,-5.417819361,0.078288231,-3.714083551,11.73088383,-1.763512501,-0.718524986,1.210318658,-0.11834636,4.260053938,-1.63263924,-2.233949342,3.694211413,1.359921332,-7.029515004,0.699624901,-0.054363416,-3.661567958,-0.67024155,6.139324525,-13.02838308,2.285719838,0.968668508,-1.268606663,-0.932773075,0.198830681,0.121639127,1.881660362,0.842912963,-2.116833788,3.502609181,2.370150091,0.496137862,0.241114961,-0.180856999,4.435120181,4.294031707,1.571699261,1.798197287,-1.109226436,-0.200660928,1.283271362,-0.255268153,-2.297608065,-2.65282987,1.398841557,-2.706491296,-2.275743606,-1.575451235,2.224868975,-1.177748284,1.30406467,-0.011090565
-24.98857194,1.774508591,-1.289636623,11.97369755,-0.784998605,-0.418743618,1.26091385,0.859363416,0.807958645,-3.351509039,1.664046174,-0.093681927,-1.838337481,-0.609222011,-0.759797475,-1.457659991,-0.709331071,-2.525924114,1.499470926,-2.48366906,-1.099018671,0.49834956,0.727361893,-1.772876267,-2.978825873,4.813730185,-0.769112222,2.156948928,3.748954199,0.567505394,-6.819036046,17.31842734,-4.892583727,-0.064501668,1.761197648,-0.445941701,-0.355252678,0.893189516,-5.318802552,0.232486512,3.029586413,-17.98512864,-8.519354157,-2.212288246,-0.649658408,-1.160970604,-27.43243228,-29.74726502,-6.360777542,-1.23179739,-33.48302858,43.36451967,2.546498746,10.16777377,-22.49268767,-20.8963458,11.79061609,-16.16001266,-3.39165202,3.64748382,6.479958001,-8.541702298,-5.553353392,0.47123099
11.64599298,-0.615986069,5.204698726,-43.864262,3.106563704,7.34090201,-2.733691951,0.41971943,-19.90957629,-36.70279747,-24.20163788,-67.61506135,31.20524255,5.392646779,24.14203759,14.56002592,9.239087747,1.741750244,-0.90075852,-5.507856825,-7.953216128,-5.956460612,2.262595591,-2.550115655,-2.370961914,-5.096705886,1.432350575,10.59833228,-2.320466113,4.330008178,-6.398021543,-2.123792863,13.2811475,3.102596953,-6.81387667,-6.430496038,-4.392904293,4.25972112,10.80669499,96.69508246,53.91443917,0.238471429,1.964292706,-2.189387955,-3.788334611,3.393650761,1.577025249,-1.70341352,1.294648138,-1.125272176,0.372863283,-0.891171895,-0.847057394,1.879558722,1.243376126,0.547379928,0.70164567,-0.186827163,-1.044805921,0.985601083,-0.39358786,0.249987326,-0.252553202,0.379171407
-27.99296706,1.94650316,-2.440195382,21.6062658,-0.695851907,-2.431720784,-0.222275017,7.106557392,2.024806276,-16.54660036,4.49705448,-2.552892465,-6.215594092,0.196606241,-3.579818822,12.30021398,-2.147967076,-1.260359955,1.290415394,-0.143324118,5.315126986,-1.086393811,-2.203720479,4.065786977,0.816175942,-6.838442625,1.367430916,-0.303578648,-3.446674005,-0.426786049,5.804379044,-13.08905558,3.525343455,1.135235177,-1.354901232,-1.439653013,0.558756034,0.295221668,2.867937931,0.03454465,-1.491384887,3.968852435,2.482367782,0.443629523,0.626365449,-0.200574344,4.240699177,4.673045427,3.019895197,1.861831071,-0.217798009,1.945754078,1.350932604,-0.213658209,-1.075880323,-1.231207952,1.378780642,-3.335597183,-2.465247876,-2.194137882,3.062256507,-0.273968614,1.522907458,0.318665143
-26.57715407,1.881882895,-2.289972512,20.55396416,-0.795855072,-2.40394275,-0.070002283,6.913706672,1.933771031,-15.66770193,3.759800569,-2.576858143,-5.59817283,0.05525848,-3.814952313,12.00577863,-1.732714773,-0.700514325,1.251392391,-0.044209776,4.379819431,-1.647898557,-2.277333604,3.789601019,1.527681982,-7.068118306,0.732536132,-0.096024313,-3.606735786,-0.737820696,6.248792948,-13.27161461,2.365420213,1.097653439,-1.304207546,-1.018336625,0.249354598,0.068517549,1.933751304,0.706090786,-2.184109967,3.494178721,2.476020224,0.545963967,0.13322915,-0.056333937,4.538110662,4.342980897,1.549885746,1.794141537,-1.055920798,-0.110178074,1.288833527,-0.189559365,-2.218972976,-2.565060788,1.462282059,-2.743286811,-2.302827237,-1.605699281,2.398959721,-1.081261662,1.314452646,-0.056308815
-27.74153706,2.611550571,-2.001966627,21.01237702,-1.01543897,-1.493286587,-0.482808485,7.416909387,1.402919905,-17.7103053,4.013653802,-2.834786382,-5.927289206,-0.156173673,-4.393511295,10.44582376,-2.529077251,-0.990589026,1.358714324,-0.413201281,3.948197857,0.348995216,-1.985716258,4.996426363,2.179643001,-4.512413742,0.754432089,-2.566369649,-1.780638383,-2.067866642,5.471527682,-12.51748048,2.444674278,0.329674361,-1.428637712,0.012227173,-0.467203751,1.329684294,0.259279338,-3.387242112,1.099774809,3.41677328,2.398419118,1.349526195,0.086097872,0.430643213,3.094252753,2.780978562,3.067448582,-0.409949461,-2.657301167,3.823099116,-1.25670691,0.110406844,1.815426789,1.514126651,0.084044626,3.326414532,-0.467918348,2.691258755,-2.267311355,1.745183725,-2.268787352,-4.137354328
-28.78607663,1.668613677,-2.269792576,21.80634628,-0.94699886,-2.497997176,0.188260673,6.03651097,2.220488619,-14.56815099,4.832253069,-2.700672656,-6.31329151,0.14677728,-2.989989665,12.99047128,-1.749139828,-1.332464911,1.263895628,-0.699002098,5.13335223,-1.547807033,-2.193461221,4.066844867,0.253219215,-7.35942634,2.064189798,1.581164537,-4.347489769,-0.297534445,5.151488451,-12.54035969,4.741523014,0.995170207,-1.523179714,-2.564280584,0.660787473,0.673750402,3.628056016,1.202998035,-3.395156988,2.900120831,1.53078512,-0.586899244,1.461874479,-0.690408907,3.600088991,4.195137448,2.50006581,2.30979705,-0.477381092,3.311199279,1.943046321,-0.811523699,0.984368772,-0.165784762,1.891440115,-4.911263512,-1.587101942,-0.840613728,4.779223834,0.591669013,1.728347684,0.35098835
-27.30945459,1.624066549,-2.19770846,21.02974696,-0.776423879,-2.419765221,-0.060941585,6.511393153,2.126848039,-15.52833376,3.909871905,-2.794795325,-5.805015021,0.128806343,-3.668206447,12.56189741,-1.514889422,-0.801458382,1.345914537,-0.26863144,4.714412528,-1.798817797,-2.202902307,4.018405443,0.835646092,-7.443968583,1.048057576,0.357223781,-3.951792919,-0.427558927,5.927800184,-13.41673857,2.873651009,1.093962238,-1.338445752,-1.462086542,0.518331737,0.55569322,2.215740186,0.882091253,-2.742085528,2.948679063,2.098462117,0.298229485,0.563690618,-0.346267833,4.562601825,4.368178093,2.088999537,1.802821894,-0.951733502,0.558442139,1.742100677,-0.439391241,-1.734282605,-2.802721254,1.695024354,-3.16233365,-2.534997367,-1.501922939,2.833186401,-0.742946906,1.141376856,0.159485957
-26.71112547,1.785270408,-2.298225128,20.86354533,-0.766371377,-2.384733648,0.011425958,6.890639936,1.898076249,-15.66888736,3.746319257,-2.677786532,-5.697456997,0.081798933,-3.783266826,12.11825438,-1.738629205,-0.784967063,1.351154534,-0.222240317,4.461696311,-1.652884964,-2.212805742,3.819079429,1.376584627,-7.19492439,0.829613093,0.014351384,-3.70258862,-0.691505523,6.177064382,-13.50299705,2.523522893,1.089683806,-1.335523289,-1.044914389,0.409565657,0.249093772,2.003661907,0.644714004,-2.178170509,3.561146061,2.480840851,0.491487888,0.187620393,-0.130661544,4.336537678,4.469976143,1.758286724,1.837184951,-1.18778114,-0.122505836,1.32624864,-0.285372735,-2.120874859,-2.534520708,1.429967034,-2.641366723,-2.095107626,-1.480654746,2.58420913,-1.018882615,1.343590323,0.149971542
-27.90972178,1.349591634,-1.411537609,17.73690631,-1.067250246,-1.942370225,1.274679937,2.397804883,2.376768392,-6.313474217,3.340802187,-1.436924189,-3.629442066,-0.295483723,-1.639404326,7.459979622,-0.463595775,-1.4409891,2.006043358,-1.851862422,2.536681151,-1.381962278,0.372995523,1.75715967,-3.165649964,-3.35035448,4.109548714,1.487444889,-1.249753969,0.307872957,-1.647078187,1.556713685,2.893372644,1.175953932,-1.684916729,-2.312476585,0.90128767,1.672100601,0.783450766,2.013469737,-5.742158043,-4.178086344,-2.402217655,0.205419227,1.954369613,-3.575373749,-4.413307082,-3.720662892,-0.975641363,-0.534076584,0.217234636,3.845722262,4.263791803,-1.866230915,9.469520453,3.610275857,-2.842434905,-4.817961751,2.032816365,-0.180325955,-3.025626683,12.27531415,-1.592804508,7.960297806
-2.057147573,-5.312354461,-0.408018288,-15.09575743,-0.851959547,-1.820503013,-1.922169672,-3.739042137,-4.209570773,17.21309788,-4.479025022,1.709789553,6.259781661,-0.451768813,0.695853377,-6.949768849,1.246517331,0.549744308,0.691090324,1.802032226,3.54160155,-5.926254032,-1.018034679,4.167138103,-9.324073056,-8.648217017,11.78295234,3.742669216,11.76251428,-6.520293233,0.07871823,-5.653680142,41.3454869,-18.80330633,18.44968223,61.75323783,-52.57044107,-78.70139527,47.00869052,-7.497508325,2.6932423,0.528623849,-5.250516058,0.104721423,-4.430762598,1.918386025,-3.841912378,-3.850737492,1.61958816,-3.091262522,-0.546563857,1.204749288,-1.018735156,-0.631429418,-2.864674955,0.301878779,-0.229103609,-1.255763775,2.775894112,2.530578579,0.734422932,-0.701403328,0.287610239,-0.175236841
7.04105726,-5.023117516,5.279276434,-39.66319918,1.415256267,5.000448128,0.079784062,-15.3366009,-0.527955154,38.33626965,-7.535437412,12.89161087,-3.301249352,2.808616586,-35.84929665,74.81166866,-17.9687488,-6.084303207,-14.53746236,5.080231303,-36.10621761,5.827205894,-2.759103967,-3.293570478,1.791759634,-2.686793276,-6.553074114,7.829298941,1.549737031,5.210579549,-1.861593628,3.330748492,7.794942881,-1.895459747,1.396593409,-29.42407916,-24.92622586,-0.468955221,-1.590843526,5.320861062,-12.64893588,-12.2618257,-2.352400378,86.95305459,16.06795158,21.4792809,1.77451085,-8.013973691,1.686747926,-4.673757318,-2.815642522,-4.489183749,-3.023498347,0.989767287,1.52426013,-0.414778997,3.305358296,1.430725949,-1.011988678,0.494995351,-1.510121857,-0.749204796,0.525947932,0.878972286
-25.44442813,1.446577948,-2.609873907,16.90293467,0.727945235,0.439284715,1.038786777,2.43985468,1.087992634,-8.005076911,2.879054945,-0.762318314,-3.815889233,-0.128939613,-0.31626898,4.94687291,-0.630052141,-2.062374884,0.246334608,-1.799937396,1.25186253,0.095124446,-0.362301191,1.710532023,-2.7968328,1.005241619,0.394499778,-0.191022916,1.870696419,0.419312322,-2.319878853,2.101701458,-1.054870336,-2.458697757,0.439030825,1.868465633,-1.141796314,-0.540494527,-9.211574776,-1.62128979,3.30555803,-16.42033898,-4.87570215,-4.197358659,-3.286860347,0.37429667,-19.52803445,-16.86446783,-16.23734474,-3.936571352,19.30873816,-41.16090174,-11.37604545,-2.075152262,-9.605950426,-15.15967374,4.89965762,-15.22572781,1.290874891,2.738131727,0.767482293,3.135819865,1.045541437,-4.201563731
-28.08243809,1.543459262,-2.295438122,21.53600157,-0.89905639,-2.740639176,0.11897728,6.317391406,2.126765967,-14.9062235,4.513006617,-2.563526404,-6.112433755,-0.087045848,-3.878837386,12.59861433,-1.735353124,-1.050635318,1.788903877,-0.823213836,4.807952317,-1.744012222,-1.873820813,3.672617589,-0.131976263,-7.826549657,1.570194791,1.303252511,-3.692040251,-0.671104543,5.728041998,-12.96996168,5.067341799,0.707714551,-1.221718162,-1.29198032,0.447582239,-0.570556617,2.928274809,0.666441162,-3.062082958,2.780783131,1.720180296,0.182325065,0.925309823,-0.277565383,3.307182324,3.49946753,2.349193315,1.036306986,-0.928272525,1.985421975,2.09134049,-0.536873442,-1.047006348,-1.368717546,1.835913756,-3.868833871,-2.22384964,-1.17319018,2.562831933,0.017015718,0.623579686,0.311980169
-9.281975839,0.351153429,1.588965588,-16.44646689,1.215813439,4.705233618,-0.752893338,-6.412214103,-4.757660285,13.516933,-10.83153511,-0.680932847,11.21019531,-0.733385378,1.161828305,-26.85718155,-4.410690453,3.719814431,-7.776764883,6.860783675,-1.326889206,5.618378127,-50.27385879,66.99244265,45.61246763,3.034924936,-10.48413534,-0.405453806,-7.473907412,-6.084123966,-0.488597334,4.807604084,-16.04942142,0.265679535,-0.474789865,5.873579406,3.881804336,-7.69626449,-3.560053681,-19.82656596,47.8763048,10.8653771,13.82448305,13.78908423,63.21444939,-40.99352236,-9.681614843,-0.484368457,-7.679588861,4.349421187,3.878257917,1.629606212,3.897314477,-0.000648984,-0.676088552,1.477182942,2.633280557,0.311767353,-0.435755155,-2.7009503,-1.025339807,0.890885802,-0.773378901,3.584612537
-26.42846825,1.661853495,-1.026519032,13.97761426,-0.977771943,-0.679765475,1.161798598,1.194727564,0.409854516,-4.24793426,2.152633096,-0.095116781,-2.918058027,-0.734931485,-0.579680208,-1.056041684,1.605907813,-2.301939179,-0.008300343,-1.181756848,1.114375952,0.702452562,1.444402288,-3.625864577,-3.39986313,10.86829673,0.814039313,1.800115035,11.54338029,6.311789232,-15.84079806,32.56357098,-9.582196296,3.36826866,1.858768392,-10.06027355,6.876176389,8.654761644,35.07337728,-10.09456299,11.52000455,19.37751918,5.56250634,3.367937122,-10.3541774,-0.947848782,8.390562065,0.242292225,7.639342082,2.370349692,-4.384771511,-8.199671696,-4.857282414,-0.318450602,-4.685030344,-6.257328359,1.711162543,4.545519255,-2.813713493,0.482683515,-5.810922078,-17.83725514,-1.588166571,-4.439307682
-11.08773303,0.121522739,1.131152457,-11.26204177,1.337253825,2.856506055,0.876391772,-5.275697275,-3.797225064,10.64817624,-8.532178934,-0.098958069,8.213027139,0.18368522,2.431020189,-21.53660193,-1.222265654,0.564988499,-3.664262446,1.109338885,-9.026420651,3.421919915,-2.26848375,-0.383072778,-4.542426878,20.56046865,-12.24485696,-40.99285774,59.48364153,-71.7868461,-1.991182853,-28.32826226,-2.285296947,13.17882573,-8.176156425,-15.24707196,8.176427249,-0.771206026,7.947725022,-3.146614887,8.331102442,-4.152430082,-3.001290382,0.441554504,-5.548470998,5.514569651,0.865584941,1.061000307,-0.414314835,-24.63851905,-55.45709569,-30.53194301,18.11922546,-4.612818056,0.055900549,13.41840653,-0.637801578,-2.686334072,3.58368476,-2.121480151,2.433396831,3.273280426,2.269528321,0.016693011
-17.64722635,0.888239649,0.094881057,-4.526352732,0.074607626,2.323195027,2.220248205,-5.618419154,-2.476866476,11.10266293,-5.261727004,5.322306078,9.132270316,0.355258887,7.889675257,-24.95605676,-0.566369793,3.010052753,-5.640258129,1.788958354,-12.99047133,7.279385898,20.45054212,-40.81142396,59.22948127,-25.44002004,-4.517234563,-6.75295756,-3.864067358,-3.157957647,2.682592889,-8.918607799,-12.11956981,1.815220315,-0.959904013,1.186869446,2.366126163,-3.946534641,0.69653435,-14.91118298,20.65264559,2.239738703,-1.716782044,2.679406273,-10.96202442,4.32655939,10.55207038,-3.414098487,8.459421135,-5.262774937,-14.20096937,2.420165509,-59.05231818,29.90899833,43.46689325,-25.39172795,-2.795337292,-6.733664757,-10.36268112,21.25523553,5.214274002,9.02744766,-1.301031933,3.171388245
116.358698,5.180550086,-70.68442077,61.96266239,-137.9786283,154.4906466,-1.575174321,-37.05945351,-19.88438867,2.41878964,-5.265192891,-1.019144784,0.57682286,0.405747884,2.665411198,3.341332256,-1.087705857,-0.268142162,-0.168066238,0.55478034,1.417255516,0.764973653,0.737716734,0.562974547,-0.465657132,-0.725168868,-0.128693421,0.003393384,0.128338705,-0.343942421,0.657685559,-0.40429048,0.361460926,-0.109219806,0.033997648,0.063177785,-0.077746147,-0.094332115,0.353621264,0.092705299,0.009929923,0.25633052,0.047904292,0.057259691,-0.082624434,0.127182584,0.37795296,0.30248699,0.094254105,0.191563867,-0.281752046,0.638794953,0.276690233,0.084555552,0.190059394,0.311335445,-0.020772488,0.343678424,0.022954297,-0.100576875,0.067570411,-0.053712236,-0.150544717,-0.010851316
-28.17093415,1.873971753,-2.171438883,20.27670788,-0.965945772,-2.209616509,-0.079613431,5.575758893,1.95921218,-14.24645832,3.869963435,-2.598531185,-5.296797641,-0.053330636,-2.828918228,9.900929837,-1.702917349,-1.988122852,1.847862925,-1.109758183,3.724161319,-0.005656869,-1.45394412,4.485076519,0.270011893,-3.525970473,1.419233235,-0.407644469,-2.333105711,-0.939344217,3.100283876,-8.988824135,4.477853655,0.70103445,-1.797421973,-1.824261934,2.033885906,-1.217761148,-0.036604874,-2.322549705,-0.007334792,1.000236848,1.956397142,0.890494849,0.925919729,-0.572156628,-0.408288148,3.147082973,3.356660011,-2.953365736,0.261872233,3.949698487,3.44107541,0.592030754,5.944440572,0.821557291,-3.10680927,-0.884336831,-4.480850858,-1.035779003,-2.679723879,2.237120248,-2.710104926,2.55817579
-18.19111056,1.834640589,0.430063108,-1.891095905,0.262011808,2.063417927,1.110863726,-2.169318639,-4.556536357,3.154434647,-6.369742455,1.474085701,5.22167382,-0.654341338,0.718713936,-18.44854084,0.469336017,1.681723622,-5.063717607,0.210277067,-13.72722781,6.017294306,4.119422986,-9.850737847,0.010583244,58.30417112,-5.611069733,-2.418977819,-33.9707517,-6.95274635,17.44076824,-19.44853437,-11.24673574,1.567250732,2.45850744,5.220182077,-0.153683057,-3.588978505,-6.385206627,-24.84117312,43.62139342,6.134054026,5.845932509,16.36258887,-34.86292235,27.16638012,22.33197399,-23.96679997,-20.67034827,8.431638046,18.66811351,16.18792209,26.51988259,9.963964409,-10.22764114,0.772411863,-44.14224598,-12.39765057,-1.396441198,-7.245544734,1.252814232,6.679545292,-1.844057243,-2.987859991
-26.93365689,0.771753207,-1.405575687,13.5453341,-1.124317811,-1.251225457,1.828032896,-1.454267764,1.074876518,1.749678207,2.343227041,0.589961927,-2.298369596,-0.23685244,1.342270324,-2.118462976,2.812078513,-1.6689399,0.122010966,-2.3006229,0.422362887,0.263403,3.132316589,-5.902658075,-7.422406058,11.55509798,2.862044929,6.789936507,13.07462558,6.472745614,-21.70277856,42.81789214,-6.219219716,3.443147267,0.904408587,-11.57415247,6.851733194,9.277768279,45.63817425,-6.626606314,2.496716918,23.42982162,7.167137307,4.673437342,-3.652758703,-1.547961811,4.440851159,0.295280539,0.03715152,2.776762821,5.16496977,-2.434704882,-2.402090476,-3.285398055,-2.437459676,0.719462384,1.861605608,-1.970661719,4.367259058,5.283477099,2.22576771,4.091825343,1.49185417,5.179684288
11.48273653,-3.127612479,4.184583185,-36.2340269,1.203153748,4.680853374,-0.358752141,-8.273607696,-4.327389786,15.47741757,-7.659205899,3.393218924,1.928827189,1.460685096,-4.546359207,1.430455406,1.016864466,0.442103524,1.789570391,0.438290636,10.09726329,0.389555125,2.641654099,11.60950105,-9.832146842,-12.60214013,117.7096102,-82.21459727,-39.68303424,-1.287131427,-5.128592497,9.416710018,-10.82431188,9.944184813,-2.960926237,-7.858665666,-0.881587401,1.423515056,1.932413235,0.837962144,-0.729712319,-0.162550723,-1.624372406,0.826013335,0.384946634,-0.290119079,-0.185295535,-0.908621068,-0.382404316,-0.043310769,-1.089424087,0.073712862,-0.552975666,0.296991227,-0.560535323,-0.758248263,0.256619069,0.094068491,0.490252555,-0.005317989,-0.098506041,-0.674216047,-0.023469937,-0.339256011
8.431713501,-4.214231974,5.988519455,-43.38602798,1.813154445,6.268087334,-0.555454225,-13.5276021,-4.60100519,33.07444439,-10.93826349,13.33348629,-5.984389007,2.556560533,-42.08079195,79.6840159,-21.22592476,-6.80014896,-15.59793424,5.446741082,-30.90763437,4.131293498,-3.514844677,-4.780553227,9.650694255,7.703470376,-15.7618109,-8.852877651,-2.432256925,-1.446118617,-1.715090251,0.501923487,-15.30157534,-42.87029042,-12.94074352,-40.81209656,-38.21192891,-6.856233731,-2.644617766,-10.87706003,15.09375875,9.617702675,1.132449279,-65.75494158,-11.40440487,-16.39179142,0.344833387,6.352551038,-0.289380979,3.080434228,1.986393739,2.510824809,2.269583407,-1.688108531,-1.159803338,0.718425401,-0.324189815,-0.958112277,0.972924086,0.464506827,1.209990753,0.572568725,-0.304625409,-0.495376131
103.928729,-6.956790851,-33.01615296,15.21768855,-26.00545623,-89.67523701,197.0597451,-34.14166098,-28.33926045,-13.73730348,-2.661169509,-3.923605682,-12.56127336,-1.547189271,-3.7567121,-0.259369409,-1.496746345,-1.637646867,0.434256331,0.157215535,-0.721379261,-0.34347563,-1.795186573,0.44759504,1.645393091,0.400395661,-0.853064929,-0.27906551,-0.481435961,-1.202733347,-0.236993447,0.221262011,-0.201375016,-0.003655547,0.083699056,0.328616775,0.421233712,-0.402259338,-0.307015197,-0.322062418,0.325189899,-0.107370447,0.045772765,0.217915785,0.232351098,-0.179554004,-0.276899854,0.225742474,-0.067180204,-0.385062608,0.316672643,-0.059888722,0.00765348,0.029117946,0.014321949,-0.090123052,-0.124657605,0.340095694,0.168677999,0.106679131,0.073534598,-0.088115215,0.010655262,0.002580399
24.82996384,-2.962776145,6.59100103,-39.88681331,3.516248137,3.908207571,-2.948701329,-1.417018292,-6.371272894,-2.830166135,1.328051052,6.802488337,-8.563026306,-0.213251443,-3.53931547,-0.375631061,-3.971996426,0.571855945,18.40938046,-0.384294014,37.31550839,73.85309505,120.7825311,74.17576716,6.706361958,2.531806699,-17.18949787,1.465508268,0.008402566,2.592210665,-0.427879382,1.348569933,3.158337969,0.811788124,0.231447045,-3.239208814,-0.752657838,-0.076518028,0.776751887,-0.416148017,-0.561438822,-1.111096495,-0.348830224,0.480730219,-0.439864523,-0.476680137,1.631190254,0.961849608,0.187596592,0.960738537,-0.545550805,-0.232807383,0.654606737,-0.190905067,-0.190276991,-0.843925443,0.84515691,-1.059262145,-2.112931284,-0.678561692,0.535446051,0.734589225,0.055693203,0.152866192
-29.01888408,1.828332253,-2.234497014,21.7394453,-0.721726221,-2.259186074,-0.021906679,6.708549406,2.191468591,-16.45661026,4.498627604,-2.793387601,-6.29533094,-0.115260289,-4.442289556,11.85354919,-2.535040216,-1.260819112,1.928088905,-1.005443144,4.317633023,-0.452893268,-1.491705795,4.920168438,0.843858335,-5.403323444,1.968732045,-0.893397226,-2.723677875,-2.308840903,5.140472104,-13.20157491,5.021673289,0.613920921,-1.982104846,-0.214064094,0.74594469,0.961091226,0.880964325,-1.99935434,-1.603452758,3.965469766,2.6639174,0.409071585,1.31512788,0.142484612,2.315263483,4.010324949,3.352790138,-0.035660625,-2.897527509,5.560569708,1.456181813,1.485540099,4.430059512,4.580548859,2.005321409,1.09383534,-1.445606524,4.414967797,-2.765101009,3.887821222,-2.835095004,-6.556984209
-27.57781062,1.869016577,-2.197711924,20.75281285,-0.709625542,-2.352868352,-0.134336519,6.901523623,1.869192561,-16.15945696,4.043168334,-3.15125107,-6.087063851,0.024676818,-4.243481496,12.76434251,-1.817191502,-0.864991429,1.277687432,-0.274141439,4.837070009,-1.146243144,-2.680066836,4.337919747,1.116939704,-7.024916809,1.338788222,-0.055371306,-4.215716777,-0.461773867,6.911017403,-14.01063465,3.24560386,0.869581549,-1.401759732,-1.24996484,0.674903831,0.26344861,2.495120653,0.008470759,-2.178788053,3.486945791,1.917973598,0.621771815,0.728958879,-0.439148275,4.569317055,5.996765405,2.417534501,1.377506901,-1.219587467,0.743655325,1.528119296,-0.410781272,-2.048211615,-1.863043184,1.023478829,-3.48520011,-2.307569055,-1.374927981,2.942023438,-1.235176547,0.834475248,0.084678643
7.924593957,-4.002552991,5.298449595,-40.46633685,1.968379893,6.413592593,-0.853737742,-11.37265056,-3.237023224,29.65725152,-8.708775989,11.87782457,-4.941761064,2.131245705,-36.68001129,70.77036107,-20.48332325,-6.108244108,-16.13516578,4.77310086,-36.56434667,8.009082707,-1.381415354,-0.927789745,6.595306306,1.655510768,-9.563531223,-4.734972727,3.910816585,3.30575641,0.824906822,5.674282733,4.647621985,63.77229084,15.96073272,69.24304325,57.76990687,7.51678863,2.543262091,5.049846047,-1.339096007,2.760982973,0.85473896,-19.34126971,-4.104983716,-3.461744343,-2.994039738,2.406320777,-0.408242216,0.242396507,0.626636583,1.33980789,0.260666625,0.497892297,-0.078448617,0.189667885,-3.754909698,-0.981385106,-0.370798809,-1.468056213,1.225918319,-0.123605996,-0.384207858,-0.771472824
-22.7266865,0.790343755,-1.406124559,7.78240001,-0.731137217,-0.222107058,1.235162926,-1.232444024,0.528307256,3.260896989,0.580023985,1.60703842,-0.279401466,-0.629242276,-0.184406332,-5.780395387,0.684068,2.547146526,-1.64454514,-1.469197673,-2.303878793,0.844639902,1.166404557,-4.739704345,-5.227369783,10.51854307,0.711689033,0.521894335,6.550367599,4.122202218,-8.236395544,19.96113268,-6.441919677,-1.782151869,2.298655348,7.674223697,-2.226702839,-6.304734009,-18.34451152,5.487335938,-0.485320181,-33.46861833,-28.88591847,1.560239849,1.582956595,-35.20906926,58.53986276,-7.681842,26.31398655,-3.048588447,1.374966679,-2.469408177,5.52011066,-2.188305256,-6.984760906,-10.39563001,-0.796098136,2.595587627,14.49581645,9.738525916,1.386469034,-0.647032744,-3.238812694,1.696474308
-20.51930693,1.513622611,-0.841212307,4.227177955,-0.295474793,1.040132063,0.950619373,-0.530966126,-1.438679686,0.583203472,-1.622193714,-1.00923368,2.622166735,-0.858521697,0.487487342,-10.646825,0.336877357,-0.140917985,-2.716500873,-0.501662573,-3.401729314,3.738694226,1.797410075,-4.379922523,0.936024532,12.75507042,-0.544617467,-6.574082287,8.509982744,2.215158143,-4.807135621,13.90232925,-15.57721585,-4.89295677,0.994939741,9.746954724,-1.288633386,-8.226075835,-28.03377291,-9.813759494,24.91415686,-8.046448694,3.939264556,5.734836179,-9.348949179,27.02588374,-43.6516984,24.61646842,87.02234118,17.33879784,11.32813709,-3.835894353,10.64316714,-7.904846001,-0.801003453,3.157212137,3.425976554,-6.192976337,3.513512379,-0.634855298,2.943686672,2.533269208,2.133049758,-2.349800859
-25.83861925,1.080506545,2.084321272,16.99300538,-0.559103814,-0.576446146,0.576567082,1.964363027,0.450859954,-6.304697002,2.270329364,-1.816518312,-3.564626334,-1.061378975,-0.081297193,4.385485454,-0.927658222,-1.487787705,1.30896638,-1.330542036,1.99356667,1.13198534,2.984249361,2.608829719,-2.204158607,1.41697336,-0.824153757,0.764569058,0.648883772,0.864378399,-3.345793354,6.391571315,-0.756057242,0.153277766,0.334198036,-2.297431049,0.450963945,2.144465958,-1.757992656,0.463706173,1.900920169,-8.352110974,-0.911666625,-0.361970465,-0.661584439,-2.537903856,-14.40717106,-10.74338764,-8.619451219,1.676447296,4.468294465,1.274624318,-8.609357756,-1.376808825,16.59734147,16.84511298,-21.57758885,23.6860243,59.54532473,18.0373333,14.20178873,-16.48534575,6.960162086,-0.073781676
-11.22717941,-1.694433568,1.94854825,-10.84254507,0.213004119,1.320116552,1.39027542,-8.716377936,-1.29009289,22.15277999,-6.511575748,2.82440959,9.171695368,0.71704479,4.114852881,-17.58811451,1.161449179,0.258341793,-1.443458931,1.338068477,-6.386417308,1.120143063,0.460302142,-2.384122943,-11.41901974,13.2753336,-5.957467727,-24.80678224,47.34511006,-62.44204919,-6.144489776,-20.49826847,12.34523434,11.94539645,-8.048652546,-18.4767771,5.623460643,2.846731492,11.92204637,12.5941408,-20.43081212,-5.843410062,-4.13127143,-1.618337371,10.98161351,-3.970151172,-0.828880825,-0.96064708,0.086731204,30.06420177,64.19876337,36.10015935,-18.60369144,1.819840339,-2.085266435,-13.81820902,3.878064794,1.194261963,-1.560475175,1.35035139,-2.794440348,-1.794972256,-0.931351062,-0.608982271
-28.9831549,1.802807137,-2.18150997,21.90463816,-0.897260177,-2.166279631,0.07296108,6.497504781,2.070162807,-16.63559107,4.254019991,-2.916929301,-6.339233793,-0.224148899,-4.33011872,11.82682342,-2.8469786,-1.219349764,1.995356931,-0.955283656,4.495542208,-0.526688884,-1.442195628,5.058035904,0.650269868,-5.561902311,2.043236489,-0.803094522,-2.543746906,-2.301549666,4.680058274,-13.2123457,5.059720138,0.884343598,-2.010858603,-0.504814434,0.819827957,0.918684616,0.788287822,-2.262067511,-1.575671499,3.914779917,2.790196802,0.514725611,1.712459768,-0.224758182,2.043026886,4.376101894,3.410257685,-0.243479164,-3.018090217,5.851190396,1.314243679,1.156030791,5.055000949,4.379010697,2.457500932,2.420848999,-0.500569991,5.248022438,-1.794003951,4.003126495,-2.803544232,-6.293109813
96.44791424,-9.548722905,167.6654643,55.53353583,-0.234811931,8.05415189,-4.88453949,-7.878154146,-11.15076782,3.212970889,-6.215723092,-4.341147211,6.793254202,-132.273211,3.958029097,4.428537939,-0.314200184,-0.504010648,0.1206519,0.161789219,-1.982496921,-0.688855348,-0.99512574,-1.435307831,2.035206402,0.768706755,0.601657111,-0.69787225,0.740430422,1.000610559,0.257277685,-0.557293716,-0.192416523,0.087894962,-0.162417246,-0.078966318,-0.123014876,-0.10814158,0.24944946,0.24746993,-0.386965623,0.082377078,-0.159052657,0.0599589,0.01561,0.042546672,0.327974894,0.214215245,0.073824767,-0.159942994,-0.134751499,0.004838616,0.038124905,-0.628242977,-0.342184357,-0.648647685,0.597832434,-0.674666776,-1.335322806,-0.448416278,-0.598998908,0.476402707,0.055162852,-0.03572968
-20.69386181,0.945095576,-0.992336123,5.656745949,-1.464633275,-0.793756329,1.050078228,-0.424105544,0.076893679,2.660372538,-0.712567881,0.188551472,1.003493388,-0.460607869,0.049599848,-5.886204026,0.255295244,0.365595144,-0.567383206,0.7623736,-1.469083744,1.053736959,2.675892512,-2.142031582,-1.098423855,7.218919305,1.702356057,-1.790392648,6.360236448,-0.578015602,-5.095492514,11.22623472,-5.698423645,-5.499777958,1.55147519,10.02900658,-6.292036331,-4.610921794,-21.17234185,5.830031841,-4.482162329,4.61382442,26.37201608,-22.53208023,38.7473631,49.87617139,27.06712476,-11.10445715,-0.330531377,-4.716402117,-3.183464591,-2.733004556,-11.55569012,1.950184809,-9.294552895,3.022352172,2.293749738,4.535916087,2.20030988,2.619112994,-0.755610695,-2.110138574,6.523154175,3.294099727
38.08468268,3.588941691,-1.417232363,-49.76868853,4.309223125,11.46213973,-11.32340357,17.29158484,-14.04504304,-51.29729686,13.36893951,7.741620308,-22.52973794,-8.145581976,-51.31383356,-70.61869645,-96.12765641,-97.08870866,-41.07546669,-20.75350861,-4.773226982,-24.74359267,6.042849733,-3.81750438,-7.879851598,-4.850902078,0.203647442,8.456841373,-4.633917964,2.77794965,-4.410909911,0.445653407,4.210836256,0.635032022,-2.392400848,-3.49211373,-0.096792158,0.343348993,0.72876205,4.146889589,-4.232754428,-0.505116557,-0.369967151,-0.179622606,1.376104913,-0.067924541,0.15588911,0.619482579,-0.226366577,-0.02449425,0.807387706,-0.389236971,0.615637382,-0.107188127,0.541681957,0.359953406,0.147115432,0.079858752,0.531196055,-0.394308474,-0.465818534,0.737665658,0.135786849,0.145383787
-18.55322257,-2.20363271,1.107634581,-3.734005605,-1.095763047,0.62899513,2.841675057,-10.68409062,-0.1320528,25.82057705,-4.141532315,5.473240796,7.504969241,0.27045226,6.165966427,-18.28332041,5.529370099,2.877714489,-0.607047296,-0.884161135,-13.16859214,1.15956945,9.152731807,-13.2516938,-12.54113527,51.27874368,1.531101725,19.67621021,-42.40720862,0.684692734,9.426285053,-15.34197147,11.05334649,5.23538282,-1.916434858,-9.541198841,-0.519639276,2.833728916,17.13812465,10.93324816,-22.38958475,-5.857840498,-1.884480456,-5.646001335,23.52267569,-15.18868086,-16.73955827,16.86754911,9.002381616,-8.823542366,-12.95525984,-7.648795265,-19.25629362,0.323563395,-5.549449499,1.394592416,-12.71213315,1.213364449,-5.045070285,3.818784825,-4.313115642,-3.265434914,-13.36494106,-30.41330863
13.66119489,-4.104304343,5.286178555,-42.36520205,2.368110232,6.363815433,-1.851334737,-7.819317,-5.000685126,17.87931205,-7.2614582,6.18853824,-4.182594265,0.258464505,-15.27417762,23.80621275,-3.610148311,1.965526702,12.63948754,0.200951167,89.63394664,-45.40723444,-2.21215893,-17.22086773,19.39244707,17.62748552,-25.93297953,-20.45527665,-15.99723432,-14.23842466,-4.530434019,-0.905107825,-24.21013502,-68.74271373,-21.98434251,32.70098297,40.65144576,5.171714481,13.05797904,15.32948618,-13.19923487,-3.645244093,-0.68130551,14.46659972,1.690009587,3.332440344,-1.700408046,-2.505411348,-0.014243055,-1.989959338,0.027249026,0.694782457,0.862988587,0.950288131,0.671898013,0.028822615,0.288389725,0.179348323,-0.057407135,0.701609688,0.222450513,0.435543349,-0.889310791,-0.535359404
-19.11876613,-0.44818454,0.392225397,-2.198182373,-0.430963733,1.017395639,1.91187173,-6.807649073,-2.065926363,14.67792002,-4.972360629,3.141147387,6.19374488,0.267117971,3.168478317,-16.70860255,3.84711414,1.885644272,-3.476972644,-0.422777086,-12.71175084,3.218327946,6.300518983,-11.07480287,-5.355755124,55.77522794,-0.98146392,11.27778011,-39.44889933,-2.90082606,12.95130517,-16.02961391,-0.008862255,6.40035533,1.480190952,2.346672439,3.617294999,-0.666249154,4.138858202,-6.49262914,8.539995203,4.217441086,-0.218724172,-1.094496331,-7.875112556,8.290760559,9.85895681,-6.464337424,-6.513697333,-1.138742031,4.811493522,0.095019635,5.923523969,-16.20871038,21.04019356,4.246200656,84.29741858,8.78202035,14.4056739,2.47614858,-1.157495674,-3.605214574,4.461511571,7.753725863
-23.47823802,0.314124403,-0.568105229,8.493911092,-0.960520886,-0.846776006,1.958997754,-2.548296929,0.945301686,6.436464243,1.078510109,1.607688841,-0.230290092,-0.337700795,2.619057714,-5.419051436,2.443470396,-0.395569683,0.321013615,-1.602634008,-1.214487965,0.486825335,2.379650003,-4.781450215,-6.265045256,6.675523501,1.354026638,3.361547683,5.004196741,2.973611638,-12.12774717,24.35160557,-3.8752472,-1.109792069,1.396862568,0.063859197,-2.011145954,-3.293140891,-4.185656965,4.37642977,-5.293877179,-18.27665493,-12.9826056,-4.311517876,3.557180696,-5.635842453,-4.081509123,-5.855475946,-8.935697528,-0.41181163,7.114457549,9.595680484,0.448631225,-1.138541301,44.52890525,73.04400241,-5.028940148,-39.67624721,-27.97051436,-0.166112825,-12.87405272,-13.38499968,-7.577857971,1.602496632
42.53957276,2.693477761,-5.374049535,-32.4411625,5.076945278,5.582601071,-9.792886119,18.72131354,-5.138665781,-43.20976584,18.93669757,10.54505111,-23.71503351,-7.306246866,-62.33406609,-31.69636956,-11.81034715,144.1183596,-54.43463993,-29.04993667,-6.627050103,-15.02327652,5.167294074,-1.540926969,-7.014435273,-4.092237785,-0.625777225,4.775063058,0.102355341,0.250240901,-3.295181372,2.488026779,2.792701629,0.645677921,-1.26992607,-2.905657981,-0.059005532,0.538130389,1.621708831,1.55301016,-2.377548113,-0.177913298,0.753802488,-0.359592194,0.606554272,0.962549614,-3.111328111,-0.254093401,-1.574551068,0.083813738,0.680295108,0.169401154,-0.275296693,0.357212955,0.255692218,0.308841026,0.326929131,-0.133626252,0.575440339,-0.369845023,-0.059610325,0.216858055,-0.174907427,-0.133771014
-23.98887702,1.937944087,-1.967365288,13.69348537,-0.531355136,-1.200585432,-0.48078284,3.470218332,-0.008123135,-10.02429891,1.221260907,-1.385960604,-3.217136531,-0.19517158,-1.39649986,2.43670754,-0.445595764,-0.499423448,-0.506438159,-0.535971764,-0.419403621,2.640037863,0.494802174,-0.440995305,1.471601164,3.653176165,-1.357569506,-4.658548322,3.200581714,-1.109183389,-0.45449397,2.173534066,-5.395001997,-1.140509463,0.55180175,4.206747937,-0.885365904,-3.096382278,-7.957899058,-5.059212204,9.564390891,-6.660401265,-4.769859914,-1.458747161,-5.943505978,3.041619378,-10.79472565,-9.414132915,-1.548338801,-3.797148869,-2.721960859,0.060304598,-7.483259651,1.567095015,-2.018252437,-0.601550123,-4.759897776,39.31603991,-12.93358838,-4.556350781,-56.12925292,5.401054028,-1.580066661,0.476987475
-17.67927631,-0.300095892,-0.080250813,-0.231583583,-0.744297789,0.284658081,1.766816117,-4.92401336,0.520007334,12.18905573,-1.277617822,1.55652806,3.600386745,-0.137928706,3.003200788,-9.890619403,1.221419211,1.362658209,-1.502078183,0.881057181,-2.566721843,1.452267101,3.582075682,-4.546511372,-6.561276981,6.566952686,0.584643337,-1.178988295,8.000467639,-1.046893761,-0.622235226,7.439433316,-1.651825038,-5.939878492,2.599265761,10.26559231,-8.216378665,-3.645534191,-41.16621591,18.64044749,-17.99607038,72.59134753,-32.80293754,9.411221382,-4.616749921,-14.85260328,-9.099514797,-8.310296115,-3.314904543,-4.809661321,-0.663414296,3.096011398,-5.073001889,1.255983418,-5.563093326,8.616705512,-2.486996315,-4.714430543,8.076822969,-4.275249674,3.734797398,36.98239414,26.7308432,6.42011422
15.46099126,0.415370728,6.402562932,-55.0091107,4.540671132,11.07077801,-3.313385629,1.190135367,-27.58874341,-49.59262983,-32.25867163,-85.08792645,40.67639184,6.499204431,30.96609905,15.34763259,10.73577209,1.113856683,-5.59696123,-5.841203676,-12.6654434,-7.692184937,4.530352663,-5.993966665,0.914129398,3.826233165,-3.85671099,4.86805074,-1.826823987,5.137913014,-9.16509644,12.87424934,12.64942029,15.27924784,-82.1806764,13.72121796,-7.681317234,-1.437194694,-8.531272289,-49.68522618,-25.7678547,0.047161353,-1.226565061,2.023896908,2.114258607,-1.770257834,0.11832136,0.648116235,-1.950739344,0.535568113,-0.319015894,0.52674125,0.394502814,-2.436748882,-1.571851464,-0.159177214,-0.59622809,0.077793791,0.19071361,0.083086114,0.524976568,0.223537989,0.116006198,-0.420524289
-12.10407248,-2.186175717,3.390443436,-10.30684948,-0.20624966,1.231329453,2.571781166,-10.95584876,-0.321771664,24.68854646,-7.310082067,2.183634427,8.99599013,0.414325236,7.124391878,-18.2994488,3.515564347,2.581465759,1.332771353,2.690913873,-7.59532824,-5.003660796,-0.928953086,3.760988048,-54.96988941,-47.75000561,-37.10846944,-14.6280283,-28.29174707,-3.53428108,4.653442656,0.346127881,-17.12005117,3.102167832,-2.394677864,-0.300283115,2.585267192,-0.766332854,2.294031957,-5.931173561,8.653257021,2.00836763,-0.676413294,1.475732677,-0.676538951,1.53050043,4.370570625,-4.933730688,0.937292994,-1.73144244,-2.809096123,4.560487398,-7.063686704,-22.48890739,3.651401226,-5.415367947,-4.628141215,-3.061672552,-15.03872564,5.99713789,-4.601239441,-31.46882927,65.35485689,-5.23466613
-12.41980078,-3.136856025,3.653789832,-9.164662339,-0.015175135,0.674405478,2.775053369,-11.26507904,1.116659563,26.45093545,-6.630617934,2.846911179,8.378411951,-0.884427685,7.909820929,-15.69662501,4.54655004,1.732798002,3.190543265,1.372490646,-7.029876279,-6.033801012,0.992143355,2.160764526,-48.13759511,-40.79893228,-28.82020651,-8.515724038,-21.82313601,-1.380106086,3.114239205,0.599331156,-9.502242105,4.310178815,-4.117981997,-2.230346258,0.671922568,1.396534077,5.714089243,-2.633773348,-1.489949089,0.054219152,-3.162634395,-2.32268243,2.896119604,1.080066745,-2.483166127,8.811433183,0.47605035,8.585976046,6.767935133,-15.93229018,21.28322736,86.11242459,-9.914237045,13.7573526,16.39623177,5.583402237,9.176375779,-0.106791914,-0.786497702,3.77986087,-13.39133873,-1.215633395
90.57056635,-7.048340796,150.4838265,50.20201332,-1.21071562,6.777474892,-3.167398916,0.216695973,-6.949000354,-1.945275206,-7.461488734,6.543872363,-13.615748,145.8563018,-3.114666725,-8.529817146,-0.547926097,0.236278446,-0.850391464,0.334122262,-1.619051594,-1.835575644,-1.848349501,-1.052891339,1.344463585,0.895250706,-0.492238615,0.554962514,0.40816344,0.562749101,-0.762376694,1.027603342,0.395674679,-0.092369473,0.016692662,0.491625396,-0.301576908,-0.742944169,-0.326485532,0.14482311,-0.209567749,-0.140301424,-0.151916977,-0.089121724,0.202525111,0.264559523,-0.00152515,0.048239496,0.054383922,0.37727008,-0.173595325,-0.333543007,0.466258769,0.277750889,-0.370033873,-0.148304447,0.174669744,-0.129314012,-0.526996533,-0.015964286,-0.037606751,0.187482069,0.073975168,-0.024505584
-18.59951703,-0.65630805,-0.106419764,-2.145975543,-0.25931206,0.644364024,2.77633191,-8.034276346,0.552519444,18.94407466,-2.63852313,8.075136259,9.762954368,0.596073875,9.714194673,-20.2423529,1.24728583,3.092735359,-3.631834546,0.666920537,-10.6621272,4.155282096,21.81026143,-39.61907606,52.90749477,-34.31427344,0.70939592,4.877019312,-6.570160371,0.379050933,1.570249079,-3.491804605,-0.268588408,1.98682297,-1.193498636,-4.159360967,1.813375811,0.736929133,6.847525693,2.884772383,-4.392378095,1.985247158,-2.746649357,0.233180444,3.076956136,-2.752572972,0.345311148,0.536815276,-1.295688914,1.238781148,3.477722351,-0.460224554,13.6255303,-8.54601377,-8.141861605,4.416245895,-0.696178263,-5.67389019,6.239680999,-25.60875615,-10.32020014,0.765376942,-3.153424038,-0.633435357
-19.27148315,-0.265918937,-0.300116645,1.384398863,-0.818410335,-0.413356986,1.741922664,-5.677823549,0.977474334,16.21951537,-0.458858463,2.743814776,3.311344504,-0.249911937,5.113482816,-8.534516568,2.671414167,1.20503065,-0.171371886,-0.081969988,-3.111260337,-1.523300172,3.446026592,-4.612578443,-6.82186193,3.548553452,3.537637388,6.73944141,4.790382496,1.167040495,-8.904595045,16.04147154,4.439837611,-2.782856279,1.065303071,1.41008581,-4.710722533,-2.790874674,-9.644603402,11.92847052,-17.30670205,3.758422316,4.209343885,-6.983412685,13.99710341,2.682513362,-10.62471069,4.113737425,-10.61584769,-2.183271908,2.202085147,-6.268554511,59.23043361,0.083551164,64.00319957,-53.78876935,-14.09357837,6.482632299,-7.13932891,-1.863133843,-0.662196644,-4.741957112,-1.960889945,-1.406040989
16.01623724,-4.599945773,4.718698957,-41.75233238,2.082720811,4.724333658,-1.65055969,-10.58418172,-3.57315567,18.52697033,-3.615947655,3.032560657,-1.923736645,0.095468066,-5.614304927,13.58005647,2.574009384,2.334171521,17.08243862,0.529803976,101.5664405,-51.44469349,-4.699721192,-20.59932172,9.22315714,7.358763506,-17.74852282,5.056675747,-0.457897873,6.200825138,1.74623444,7.305060688,16.63002097,75.04357188,22.30494302,-30.53259373,-34.27498465,-6.163340145,-15.71098807,-12.28757576,10.80464127,1.831360412,1.265537348,-7.217112412,-1.430894139,-2.259645873,0.226420369,0.416154334,0.726411587,1.86133454,-0.681082194,-1.6443316,-0.71160955,-0.37607539,-0.348442904,-0.246170686,-0.645215742,0.346927042,-0.23722972,-0.503447455,-1.223850309,-0.408024101,0.935519043,0.747704045
112.5223289,2.325326025,-66.59368428,72.03031955,196.6907482,63.09219435,0.318740713,-41.1473076,-18.0789223,10.37482306,-5.481431159,-6.70735626,1.214863034,1.489871141,0.726548793,2.306828974,-1.783777231,-2.446315753,-0.556744032,-3.140688938,1.023669611,0.220317744,0.453677757,-0.164927645,-0.119720459,-0.156414871,0.646877434,0.063355438,-0.278070084,-0.173544001,1.686070474,0.478288831,0.264928212,-0.383939739,0.305182741,0.374835611,-0.305973106,0.040317268,0.490619311,0.158981011,-0.149972008,0.793023704,0.22300389,-0.007983815,0.2293325,0.049715315,0.860397258,0.654016093,0.678629983,0.15001413,-0.720983683,1.614818569,0.30471917,0.109492866,0.234352682,0.40905039,-0.208784546,0.489144754,-0.027051402,0.174302349,-0.143849455,-0.186592034,-0.020962991,0.104034164
26.23493857,-0.913499136,0.821935497,-43.69272139,5.635112313,7.519132079,-5.088211166,5.102903768,-6.657903566,-29.71204562,24.02776179,45.17143888,-51.85069774,-2.869150779,90.79375943,14.28976641,-9.50114394,3.89683985,-15.06048049,4.638699838,-11.13751625,-6.085884748,-6.616519916,-0.074456441,5.513460695,3.171024007,-6.809875033,-14.2239471,8.575910044,-7.541009664,96.63587393,47.12689475,11.21767778,-4.208751611,-5.001187928,-3.371183814,0.615728314,0.76692072,4.755658697,5.643354733,-2.131225445,-1.895671201,-0.099647234,-0.959336795,2.039050466,1.212355077,-0.605305254,0.707024085,0.75676523,-0.122446578,0.450178094,0.193393165,-0.541443203,-0.042595348,0.642398381,0.051754323,0.392112288,-0.170549799,0.28886751,0.047463562,0.08245915,0.40437724,0.139868065,-0.05365585
-12.51446223,-1.541550279,0.982534783,-7.178161119,-0.317045899,1.119969381,1.521632911,-6.427395878,-1.136495794,15.58223859,-3.79338366,1.860918637,7.084030342,0.13660826,3.712946095,-13.59583881,1.911464798,1.081384422,-1.176236197,1.292264471,-5.492442191,0.850227017,2.076221805,-3.991174004,-3.244672344,2.589360197,1.740352307,-1.857245687,8.253338227,-1.916268214,-0.568621661,5.084164726,3.02750617,-5.682023841,4.658246415,10.5354235,-11.54351938,-0.016987755,-28.34700432,13.48997868,-21.99605384,-3.542406327,97.53541043,13.30714513,-36.29175956,-43.67721424,0.063963001,-8.113948413,2.124012985,-5.09328533,-0.796786053,0.147461877,-3.407879884,3.838189134,-2.710162435,5.148582092,3.925875631,-1.729896065,-1.363248457,0.777349902,-2.150130184,0.927165918,1.744346616,0.238934815
14.25800582,1.88147754,5.645336018,-48.50582438,3.842747049,9.649872714,-4.174243602,4.58044603,-24.91898868,-50.26079924,-28.46249778,-74.04658942,32.79428854,5.488063306,23.39153895,12.41140883,5.795854527,0.649800271,-5.309955884,-4.394021763,-10.79974383,-2.534704634,0.140936093,-3.571012987,3.090927657,0.608693742,-5.272198892,-6.262380281,-0.207934129,-4.89198996,5.462176939,-4.08942526,-21.93594217,-22.30607382,100.2483744,-14.25746273,14.09152777,-0.22058684,1.68244077,-25.14680868,-27.15637037,-1.695187127,-3.027369752,-1.389976288,4.138780812,-1.611583205,-1.323922357,1.144851333,-0.029259428,0.334965843,1.535522493,0.765550552,1.796678536,0.559855929,0.240933803,0.214334629,0.424786255,-0.422596939,0.634028774,-1.099168425,-0.097045108,0.746889445,0.128077534,-0.353544985
-22.68630337,0.861234213,-1.14758552,9.015249653,-0.916763344,-0.45286839,1.249454182,-0.64161481,0.878237723,1.240758126,0.79292296,0.956556147,-0.922088026,-0.606956519,-0.635705147,-3.940905155,0.88606505,2.516586448,-2.075155472,-1.961329497,-1.089326729,0.387197488,0.921405508,-3.561480197,-4.74017955,7.514277308,0.109313869,-0.2171687,5.681062795,3.852523275,-5.379540837,14.64566793,-5.298015553,-1.938712409,1.815501925,6.912102507,-1.941612228,-4.2322631,-15.13027265,4.944493094,-1.33746415,-26.57592095,-22.60119594,1.990925779,0.619742227,-28.85847902,46.96469493,-5.395357243,20.61586412,-2.423083514,1.573293279,-7.60504868,6.571764101,2.120090023,-6.792058817,-4.979732718,-1.138113399,-1.724578959,-2.241538513,-6.399526536,-1.117722472,2.337301492,3.514143409,-4.266497426
-17.3605232,0.242888129,-0.627269354,1.238927172,-0.454484078,0.300127508,0.623474543,-1.971135365,0.455340977,5.179315701,-0.471649085,-0.544422072,3.037113805,-0.216963086,0.99592454,-9.616120471,0.705770872,0.101226275,-1.535010939,1.194600881,-2.175987808,1.655411171,-0.976318386,-1.271214776,-2.707661481,9.021875743,-2.77872882,-5.592673858,6.584549062,1.821686663,-2.238806038,8.901719951,-8.098962395,-5.118580752,3.074663865,9.749608869,-4.587986258,-5.670833418,-23.84019197,3.23782041,7.885333005,-6.319890036,-5.298675395,10.81907569,-12.82182467,4.685312078,3.040943596,76.90046822,-36.05795747,1.010159083,-4.85520177,5.826693261,-11.12313151,-4.269398442,-15.17852907,-14.163542,-2.276916097,-11.61095203,9.162404245,3.100369568,-17.02126662,-35.3103333,-10.14745981,0.513341134
-18.58926266,-1.201510139,-0.210546098,-2.673501218,-0.440779454,0.481363213,3.360570408,-8.448960636,1.502618484,20.34537327,-2.210919247,8.660743808,10.44531735,0.556282145,10.25182116,-19.09251919,2.327026029,2.895182651,-2.983490576,0.659369341,-9.023189124,3.343398215,21.19050852,-37.33635934,48.1305738,-33.28133025,1.959849326,6.195350505,-5.853274702,1.850639166,-1.829291037,-3.335985391,1.616594579,1.031306965,-2.601794255,-4.385416187,0.770510906,0.501855824,6.64737101,3.80312762,-6.901257874,-1.456806483,-2.379832085,-2.412021641,3.965629623,-1.529800398,-2.897537448,-0.220408051,-1.893953736,0.641587848,2.757879471,0.722719072,11.34243847,-8.281616696,-10.97159437,7.022240247,3.746370784,-7.629557681,29.47186748,-55.47499482,-4.742564401,-11.55777569,6.336977627,-6.658433964
25.3141787,0.770515207,2.0423307,-39.25762347,3.930275212,5.89129435,-5.420685148,4.157504395,-7.314061789,-18.52255339,0.236854306,4.730038049,-7.414250458,-1.584215494,-11.95463857,-9.032971917,-5.933081754,0.640404304,9.782820657,2.908538235,46.8442838,131.4081503,-70.85160722,-52.4351501,-16.15126563,-4.611881767,-3.483021746,2.653623224,-2.141121303,5.116855475,-1.38248606,-1.670627712,8.339908682,-1.619280647,-2.787292743,-0.698991682,1.600253149,0.506064805,1.36211943,1.029580232,-2.784002794,-0.844231936,0.036530001,-1.090066788,1.035231012,0.631148911,-0.698332596,-0.679446985,-0.73079229,0.134146031,-0.076928213,-0.563887404,0.755221987,0.160401474,0.305199942,-0.109331038,0.101022372,-0.126938361,0.968291534,-0.038147533,0.414576914,0.44115249,-0.15098351,-0.014118549
-28.49080524,2.08580458,-2.496235201,21.11365722,-0.868065565,-2.398754345,0.263615715,6.435003392,2.102579957,-15.61686753,4.459631122,-2.583112771,-6.227694953,-0.266195487,-4.006471064,11.13536118,-1.431233934,-2.010373002,1.113372638,-1.112684434,4.285984721,-0.250360509,-1.958414486,4.940782499,2.118961223,-5.315237773,1.916189339,-0.046324519,-1.829878049,-0.957426586,4.27733777,-11.23729853,3.560098591,0.414625828,-1.555954148,-1.341989889,0.975740126,0.634810387,0.985611862,-1.220249211,-0.586549654,2.744966785,1.794492952,0.08246176,1.244367313,-1.994566699,2.902996543,2.47523871,1.802407396,-2.754711435,-0.496769965,5.963661753,3.534543995,2.171459973,1.700611725,2.530189294,1.952950136,-0.236937281,-2.715118989,0.139881337,-0.472037003,2.220456158,2.971130274,4.40358828
31.11537777,-2.948144668,0.49054994,-47.41110576,8.469954855,9.805020005,-4.321194154,-0.098126358,-4.363256231,-21.57899394,28.7011149,54.09047507,-58.27433877,-3.117651058,106.4185778,21.15622581,-8.407885727,6.067878648,-14.79657435,0.720195349,-9.983436976,-7.808972412,-5.812387,1.988544371,-4.756750796,3.075306041,-0.391246591,8.875388709,-7.214047418,7.156451932,-85.09474592,-41.78163323,-11.74086044,2.937221653,3.672067861,3.381495137,-2.383282104,-0.858705265,-3.457781312,-3.762939379,1.002926136,2.118922715,0.683634943,0.911630544,-1.127611248,-0.636478236,1.041448696,0.026444705,0.588981663,0.961382433,-0.98791116,1.312392039,0.478781302,-0.20778643,-1.140619651,0.349601675,-0.19224681,0.409332588,-0.26005653,0.563185862,0.292904479,-0.459603024,-0.224940476,0.227866057
-25.72094794,1.562625574,1.289271448,16.9670327,-0.283834569,-0.732989793,0.173241427,3.482374845,0.57140835,-8.711677478,2.200008677,-1.76198565,-3.674547558,-1.460843915,-1.228404902,4.914715142,-1.1626196,-1.531031363,0.79747287,-0.703544148,1.886980467,0.548004129,1.425446024,2.444110692,-0.879327962,1.465341023,-0.221763326,-0.682748512,1.112364573,0.529424162,-0.993543326,2.077793711,-1.67428872,-0.173873578,0.368856374,-0.708867224,1.580145867,0.553249167,-2.534071257,-0.81979691,1.427435404,-4.75385101,-0.435842454,0.834516771,-1.502837409,-1.389043295,-12.28144201,-9.950717513,-5.29604612,0.172543846,0.835473264,-2.696252589,-7.3014309,-0.205016969,13.6416919,15.15785799,-16.72452226,21.15819527,45.0672318,11.10075216,14.73943843,-15.15115682,-0.703095191,0.816587762
37.77085789,-0.895107808,-1.70670768,-42.31110724,2.517594347,6.281673052,-9.001782121,5.690059119,-1.468951103,-15.78135389,21.12608656,13.91734165,-21.04546097,-3.058117673,-23.83334097,-10.09961736,6.895231148,4.888521617,142.9457229,-79.27153826,-43.99650098,-13.61427332,-12.25756556,-0.903733673,10.36301394,0.808755718,-4.727594976,-1.805735443,0.224895541,0.046016909,-0.061736691,0.715191353,-0.259696723,0.214110374,-0.304121192,0.08835021,-0.004147803,-1.067470826,-1.419820673,-1.092796211,-0.434408454,1.869913415,0.032303626,0.484547913,0.367660879,-0.086588525,1.043813907,0.876088597,0.289135772,0.201445934,1.456327598,-1.430914295,-0.033621758,-1.046737174,0.435283887,0.198827882,-0.205448956,0.556834533,-0.014873278,-0.008802673,0.122409562,-0.329434906,0.385804582,0.048560835
-0.101905395,-5.143208929,3.698196654,-23.52909929,0.241696191,1.51855796,1.262601564,-14.2782626,1.529572145,32.60647616,-3.021239068,5.814654844,5.777058296,0.237720829,5.188743409,-2.405696336,4.053102984,1.119782736,1.854721797,1.861874535,2.812447238,-12.4404147,2.175190759,1.168588652,-20.83491865,-15.26029376,25.33719882,30.51307251,8.672825153,1.900815733,-8.036171543,5.529773748,88.1332378,-32.80684059,5.251266275,-32.30220983,64.40267675,-14.80909694,-25.91206234,-24.54038945,25.87213698,4.042565083,1.482218821,-3.202238437,-3.878382021,1.421838736,5.228217699,1.105620312,-0.113843414,-1.851831639,-2.854229741,-1.345529751,-3.849220948,0.590766519,-1.591234779,1.034351261,0.02913858,0.714855986,-1.133078091,-0.007904185,0.581633905,-1.19678517,0.228941205,-0.096775294
-27.40888962,1.579063241,-1.636289591,18.66034892,-0.880668427,-1.70508501,0.385884563,4.644369513,1.779395265,-11.53209614,3.255674615,-1.484092344,-4.684268599,-0.378890198,-2.677072857,8.438809346,-1.551907323,-1.152084818,1.312686933,-0.826445,2.702096384,-0.134885221,-0.639196061,3.158147048,-0.088881128,-3.687625322,1.048441068,-0.797166227,-1.767114977,-2.004165005,0.946986061,-4.49911772,1.152846216,0.440449466,-1.280182477,-0.115170553,0.451788418,0.284086856,-1.058693864,-0.17755998,-0.847530017,-1.523403152,-0.236589449,0.79308221,2.214687234,1.108711965,-1.353719,-1.117652242,0.26963328,-1.742589011,-1.114488525,7.650061217,-1.475291497,-1.0430093,1.92277391,7.789412741,-4.63178455,2.503714356,0.597822418,-2.002876423,1.398253133,-4.280561092,-3.386745528,-1.427970821
-21.01000264,-0.539160926,-0.743565586,4.841982683,-0.66442928,-0.453778355,1.747122878,-4.468783062,1.217039674,10.86443012,-0.269396541,2.01236749,2.421963165,-0.76668781,2.600415032,-7.279121207,2.95320789,0.313983193,0.214782783,0.021718386,-0.925145977,-0.483143319,3.818308922,-4.470461771,-3.143119222,5.466072218,2.883297822,4.095004593,6.459471197,2.307410066,-8.484933703,15.54511886,-2.561213465,-1.728697984,3.171006878,6.652397895,-6.559362662,-3.134250725,-18.96761276,9.325236544,-15.2584472,4.062199417,26.00509221,-21.99121108,43.20459259,47.60572013,22.58825253,-7.983516152,-0.91771635,-7.282715834,-1.282456446,-1.512926746,-8.366452084,1.288915638,-9.997419239,4.527936677,-5.07213286,-0.368148834,-1.08839497,-2.075593166,3.675812215,-0.630272806,-5.82291812,-3.904388049
-18.11691293,0.626508683,-0.177078255,2.33161877,-0.698122891,-0.000397736,1.134710253,-1.697270326,-0.193283435,4.923176347,-0.846285153,0.40893801,2.720606828,-0.224961475,1.069414501,-8.784027609,0.200452705,0.989731829,-1.949793851,1.319092325,-1.961598929,1.933937154,1.880048067,-1.938559832,-3.981967569,8.383732373,-1.140150106,-3.869732436,7.199255636,0.643762216,1.667251684,3.227665813,-4.728860209,-2.836204249,2.175417887,9.539950294,-7.766328738,-5.277022492,-34.67049022,9.720866996,-8.379870004,55.73167825,-22.92789747,8.261117641,-4.903004113,-7.649972726,-2.061878135,-5.673472027,-0.755879857,-2.990909084,-1.215256799,-4.069326081,-6.141871652,0.322564925,-5.241454762,-1.513139681,4.180879129,0.157354949,-7.673441862,9.127374756,0.511200092,-34.70721487,-32.16797567,-6.936922421
-10.19699791,-1.578731971,1.476683888,-15.53671081,0.509195538,2.606377231,1.500410928,-11.62330123,-0.328950903,25.12874787,-8.746522537,1.773717778,11.45580253,-0.152299904,4.59056636,-23.06453,-0.614801548,3.800475438,-3.962500676,4.747258527,0.515632599,0.616088973,-46.67119731,63.99613797,34.46148173,-6.880632473,-3.677035908,16.86351426,-11.84486716,-1.472475236,-4.502175291,8.051885405,3.216849445,4.698728365,-1.049617551,-9.462902138,0.627971505,4.059391092,4.709977742,12.01549908,-26.5349694,-5.572192212,-10.10832289,-7.365443204,-33.24840129,19.60261253,5.193528437,-1.992731742,2.567260144,-1.859753192,-1.106078742,0.023996326,-2.135172534,-2.232783121,1.935924806,-0.034018057,0.017402352,-2.034859769,2.037217354,6.389512547,3.052284348,12.13942703,5.772719105,-61.95471941
-27.19241971,0.519824853,-1.598757594,14.55406686,-1.264971333,-1.478846624,1.633313404,-0.94099064,1.940944676,1.00627712,3.25039591,0.556355685,-2.64069348,-0.649668368,1.206338008,0.331210847,1.888491801,-1.355131002,0.970321578,-2.361964637,0.732804051,-0.790524885,2.649352464,-5.164384014,-6.368027346,8.672314801,3.100986937,7.645549446,9.404113479,5.507520028,-17.7823416,35.44430668,-4.098447639,2.529701189,0.624347012,-10.99227763,5.50763663,9.991631685,38.91717877,-4.238345324,0.530610166,19.59342021,4.982698839,3.088874252,-4.938783447,-2.790185213,4.188471124,0.77604659,4.000650525,3.154229407,0.085528914,-6.976958746,0.499163469,-2.772538298,-2.180053943,-6.592965384,2.04487475,-5.750656801,4.880725209,6.238006547,-0.084231341,5.710955206,-2.274025153,2.761529046
-2.934452925,-2.39673592,2.643306166,-17.86029502,-0.27531113,1.104873925,1.280492287,-8.420007493,-0.648402817,19.84560415,-4.541981382,3.397098093,6.830457093,0.453564377,1.923395752,-9.651010929,0.923970434,1.249311123,0.986444719,0.200919142,3.51847418,-6.365494159,-0.99122966,2.744301953,-7.646949419,-7.206600463,10.52824769,6.108730595,12.28913707,-4.776401746,2.4495136,-9.037647383,38.37762153,-22.26642003,15.84945148,42.23633115,-46.09655328,102.76225,2.733105866,-17.52092685,15.14900309,-3.573193799,-7.862941509,-2.383004682,2.132119277,0.656017915,0.61054659,1.557400413,2.678870998,-2.001477319,-0.63739073,0.12906287,-1.209556632,-1.473971758,2.003674316,1.162096728,-0.040110929,0.36299757,-1.23251913,-0.653227835,0.79923865,-0.316205937,-0.076666491,0.215542883
-29.0044036,1.386261131,-1.943489807,20.30259744,-1.186431729,-2.55788722,0.342374327,3.171519119,2.893059197,-9.695248454,4.255786649,-1.79383627,-5.057110768,0.11535249,-1.705507619,10.06156206,-0.349098603,-1.694034432,2.076150702,-1.424363844,3.749263046,-1.368297731,-1.187601035,3.890227253,-1.081797686,-4.79972795,2.725463374,2.829944829,-2.443422964,-0.495079142,0.80984399,-5.511888608,7.23300723,1.361540207,-2.06736022,-3.795718828,3.672725866,-0.155205724,0.99795583,1.13674888,-4.581177901,-0.871488757,0.217991217,-0.64655837,3.220838712,-2.250686166,-1.302090833,1.353798138,2.30692904,-1.98662149,1.534771274,5.974815679,4.071027694,-1.158315331,7.455200563,1.443147665,-2.628688197,-3.453332675,-2.625708557,-0.174388586,-1.108010412,5.409012373,-4.246283444,2.691310181
-27.85925044,2.143750586,-2.161530184,20.55356088,-0.596473325,-2.021761004,-0.255331462,6.810495835,1.795450268,-16.26922382,4.381699227,-2.217386599,-5.983027021,-0.276337962,-2.33499342,10.22949562,-1.952306153,-0.917502663,0.956570634,-0.14255627,3.431256457,-0.777855604,-1.160361024,3.333293837,2.63118568,-6.369352594,0.366429734,-1.262391482,-2.919166514,-2.070503066,6.646231782,-10.93647428,1.609256891,0.98054175,-1.762362558,-0.16119506,-0.079979202,-0.285903351,0.882542976,-1.532753178,0.747808434,2.685229044,1.75096777,1.278156914,-1.042490817,0.500408171,3.975128951,2.566291628,2.179403018,1.035915422,-0.214393448,1.760738817,2.120181192,-0.424221458,-0.150653292,0.073810845,-0.805580281,-1.739931048,-1.2544898,-1.057302801,1.025662262,-0.830337755,-0.332779035,-1.79981006
84.2189088,207.2202055,-23.47317467,16.70997669,-10.91674828,-45.03602803,-26.12872413,93.95960685,-42.76573446,51.76113538,-4.712650275,-8.463748249,-1.022566783,-1.231241243,9.384869168,4.692084852,-0.271210484,-1.882932959,-0.875344944,-1.298612443,0.536897127,-0.795974122,0.45408179,-0.098230286,-0.26840392,-0.607850482,0.049259072,0.723218505,-0.836344292,0.36564589,-0.612142778,-0.096026288,0.179170526,0.446540618,-0.614004853,-1.003905835,0.635216249,0.610376477,0.03336734,0.128595107,-0.250327603,-0.3368842,-0.065307465,-0.00847187,-0.114519004,-0.174522989,-0.157416529,-0.032008506,-0.074625736,-0.013433552,-0.076348035,-0.321597435,-0.265168495,0.107791064,-0.302784598,0.259867871,0.164517632,-0.14150778,0.260748733,0.096714585,-0.021117662,0.165189593,0.102571053,-0.031263962
-28.18034312,2.117114853,-2.406659634,21.71972471,-0.749248259,-2.272855338,-0.339170907,7.416681173,1.75810558,-17.58224768,4.328613289,-2.732291901,-6.412451138,-0.071138662,-4.150120775,12.49041061,-2.702318021,-0.68844812,1.083434701,0.026437988,4.819772838,-1.207718754,-2.578832547,4.712512379,1.563264601,-6.868307671,1.195983457,-0.733613301,-3.608239633,-1.61450289,6.35152234,-13.69341039,3.156384607,0.725180711,-1.606481979,-0.690505802,0.516484332,-0.394604621,1.370777343,-1.449724094,-0.817207895,3.615157403,2.202341281,0.572558083,0.695197628,-0.500716203,4.983566336,4.915517697,3.361313548,1.594515065,-2.566007442,1.805737862,1.0250806,-0.421350207,-0.053533321,-1.2375054,1.70421452,-2.241836308,-2.270561071,0.39479792,2.877381942,0.179287267,-0.12536673,-2.186217683
-10.39822942,-1.375012411,1.530982262,-13.65999162,0.317998572,2.293881156,0.931895691,-9.702506221,-0.981065197,21.36337764,-8.036279901,1.415303554,10.00332269,-0.188199383,3.113496843,-20.41733521,-0.255752539,3.80036165,-3.899148886,5.003305766,-0.056695931,0.946985541,-43.4538811,59.62170967,32.46566251,-5.959586402,-2.974853527,14.38873614,-10.82879619,-1.877060177,-3.707517429,5.871234856,2.747319744,2.991118667,-2.583801175,-7.788017141,-0.155909902,3.585750897,4.731256638,10.20854568,-28.13460764,-5.185360515,-8.943951566,-8.244440069,-33.92343926,23.38492938,5.413018588,-0.245660891,7.451069071,-5.124658766,-0.727396743,-2.846583801,-2.867307489,3.04869539,-2.58820799,-0.736494112,-3.254399422,2.688598001,-2.145425167,-4.601145809,-2.424104075,-12.40502194,-5.115786099,62.54775655
-9.798908283,-1.206411127,-0.069566942,-13.04933534,0.300752004,1.293811803,3.424594976,-8.508773677,-1.31722657,18.86500243,-6.221530768,2.357171371,9.315404673,0.328621922,2.068729655,-16.38100899,1.530147547,2.300417073,-0.867402267,2.479629298,-2.030815553,-5.784349106,-4.149638069,4.014268125,-5.967919306,8.257683215,-0.586279967,-16.30176938,36.04580997,61.94414209,13.91845562,-26.41590759,-4.253315634,-4.897989789,-3.376415018,-0.461526344,4.16260646,-1.241508949,2.580200918,4.672806024,-7.421783715,-3.927615887,-0.753784307,-0.178155375,0.527429446,1.704251048,4.758261546,-9.87692229,-11.8458273,85.25115718,-29.25731123,-16.12618284,-3.522545197,-7.967090934,4.192278692,2.0346061,0.33501144,0.080589877,-1.874707816,-0.600555276,-1.418728552,3.558804196,-0.810679171,0.534041085
75.89653627,-165.2114497,-45.6264097,31.8559921,-11.2573278,-38.1386285,-31.4532152,133.4903814,-56.11012976,49.49562769,-10.31289972,-11.33117161,-3.709918723,-1.012473512,9.090994647,1.261936713,-2.204461733,-1.838268636,-1.705172695,-1.997279844,-0.968094795,0.734321027,-0.843506599,-0.751996873,1.532749529,0.441522009,-0.98497069,-0.540929461,-0.586928253,0.879403807,-0.558906677,0.629619691,-1.643441301,0.891921324,-0.58012081,-2.237170088,1.485443169,2.19612,-1.221104546,-0.350126824,0.174402007,-0.245651585,-0.348506152,0.061730887,-0.196762774,0.111049585,-0.123918196,-0.410894202,-0.079184727,-0.034716614,-0.153276359,-0.157202882,-0.070035929,-0.040521148,-0.010512676,-0.064909045,0.008877971,-0.297173412,0.198010825,0.174075201,-0.193129731,0.153712591,0.095056735,-0.072600878
40.29562401,-1.573995841,-2.810135546,-36.55973089,3.186322113,5.043669515,-9.556025633,8.76553033,-2.244587192,-22.90814997,26.53457118,21.15414739,-29.24142713,-4.953938718,-44.10410634,-8.223676778,152.0272011,-54.29385786,-48.13565506,-20.77092457,-6.514515433,-4.284976404,-1.3086364,3.146013527,4.739782006,-3.755877917,-5.247205275,-0.09575341,-0.11921704,-0.388140632,0.155586667,-2.509317633,-0.010549607,-0.080322941,-0.263247139,-0.175330353,0.297914532,0.320554043,-0.432327471,0.710381008,-0.956519141,0.261788835,-0.208259505,-0.028794673,0.71859854,-0.448386772,-0.277441386,-0.530911421,0.085867842,0.028201878,0.020187337,0.160413159,0.288312783,0.116709493,0.162549006,-0.108294149,-0.547878044,0.16992499,0.345469484,0.376037838,0.300014864,-0.260497465,0.066724154,-0.320592471
-25.06283266,0.918467855,-1.948594217,13.25767638,-0.984116625,-1.894160218,0.180828566,-0.105315645,1.22364864,-2.423943268,2.289645338,-0.190767644,-2.663681695,-0.080769035,0.068408063,2.239726762,0.28013224,-1.368731627,0.848759645,-1.059664458,-0.065696515,0.671761636,2.129541437,-1.360419116,-2.147144702,2.851485357,1.378633229,2.020989681,2.194219626,1.900546875,-4.427081477,8.371802657,-0.942261508,-1.802493518,0.70105569,1.529486496,-0.203262444,-1.26901133,-4.570771374,1.553956354,0.05860893,-10.94367217,-7.618539478,-3.502946441,-4.278672914,-0.581440474,-12.23407234,-9.450971312,-6.400215997,-2.158402864,-2.503649814,3.950066913,-5.205981257,0.613254434,-1.902007734,3.808026016,-0.956121386,40.58698886,-5.339161436,-4.571764097,-52.16781708,13.7410916,4.425450163,-1.315374764
14.78422697,-5.079083684,4.696031006,-36.71088983,0.854931271,2.72243904,-0.49833091,-10.45174405,-0.524605964,22.39036521,-4.363493368,2.619681997,1.911616488,1.011597099,-1.089809786,5.750175726,2.34499189,0.652107155,7.366054548,2.996660254,15.58682565,-5.744558938,4.342628896,0.361988211,-27.76865602,-18.93926215,62.31799202,95.44981933,32.58595975,-21.47436298,30.4802866,-20.77703398,-66.14368695,2.116121557,-9.635765496,4.638873752,4.340530133,-2.203320531,1.943038166,-6.587303708,6.263642689,-0.803972969,-0.410174695,-0.840838887,-1.660183439,-1.12322792,0.367928593,-0.73178314,-1.126003762,-1.405476149,-0.019809657,0.922106813,-1.256506312,-0.108563981,0.440591686,0.324589774,-1.055314578,0.2939064,0.436813914,1.117400073,-0.682997775,-0.757140101,-0.117568916,-0.085813343
-23.72420246,0.519650654,-0.988266269,9.597516697,-0.678612674,-0.504621227,1.024534673,-1.291971452,1.275566824,3.464712596,2.491034382,0.818678894,-1.12818306,-0.580874253,1.214149266,-4.334444573,2.50083089,-0.82256995,-0.338375515,-1.569786784,0.116063206,0.230855824,1.004047349,-3.780603778,-2.761335045,2.351417659,0.97323888,0.11171786,9.50049585,4.236961414,-13.80803208,28.26023959,-9.953375024,-1.335945595,2.835959865,4.766601773,-3.791583628,-3.980769648,-6.874875835,-1.471624475,8.091211449,-21.92965164,-0.332799839,4.422012048,-2.51177544,8.697980599,0.183137801,48.48290555,-32.777821,0.125621065,-0.883330841,11.92245615,-0.97291688,-1.862527787,1.648836527,6.964187888,8.16693484,1.480643436,5.443803905,3.071630549,15.33517476,51.25306686,16.91391569,2.725695503
40.46193699,1.467340962,-7.10748022,-28.19645741,7.316851963,4.820078714,-10.08663004,19.0118437,-0.252495676,-42.41116604,11.97538602,7.592283983,-14.47596091,-4.624685423,-34.03001012,-21.98708479,12.34062142,8.622372406,53.65186097,153.5046298,-23.32917853,-16.89126202,2.63081944,-6.038033445,-0.058083885,2.07449228,-1.512536555,1.570653807,-1.451507711,0.989386097,-6.230602583,3.063778113,1.834468762,0.248720301,-0.84037096,-1.265054218,0.151013915,1.364195243,0.617534195,1.709062898,-1.998680619,-1.55677568,-1.169936144,-0.221075073,0.39504131,-0.432762081,-1.076445721,-0.680419153,-0.040348152,-0.558141454,0.764302583,-0.375517449,0.703557105,-0.315670984,0.030478884,0.119642474,0.250438957,-0.921487209,0.889983125,0.237816916,-0.237794786,0.968191682,0.070016022,-0.142142719
70.97435594,-8.894787197,-2.952936661,-10.86128238,-5.536885967,-6.942131743,0.595096818,2.620665013,103.8115178,46.55818835,141.5675519,-90.73090876,1.816604819,3.957806564,9.119465594,1.228116885,-11.52447325,-2.386765047,-8.649717164,3.880531872,-0.437141965,4.5634526,-1.913423996,-0.449070184,4.338288446,3.780926875,-2.620648375,-5.950421756,-1.454469298,-0.992987639,2.207426705,-1.745087111,-3.209392983,-0.695166286,-0.107594955,0.977104407,0.189316305,-0.522073133,1.056152351,-2.421546185,1.861014618,-0.093766722,0.348776556,-0.761937878,-0.623798385,-0.020001427,0.351481665,-1.509644322,0.465778559,-0.173181917,0.003045496,-0.229873166,-0.193591132,0.192741732,0.024539586,0.029143152,-0.177045711,0.02755917,0.080080078,0.038252305,-0.066840723,-0.142220123,-0.010990731,0.027727279
77.02812454,0.436836247,-21.81181476,1.584768287,-3.051379715,-11.14621426,-0.698073078,34.10188278,157.3511073,-9.403324861,-122.6861682,-2.85203391,-37.09021694,-6.389593821,6.448862415,-5.37687511,1.757928772,-2.614543086,-2.055136191,-6.559298698,-2.287136504,-0.622586307,1.751845263,-1.916283545,1.441396921,1.616363535,-1.025663088,0.347037086,0.100458625,0.858223176,-0.937957253,1.501246706,0.772034984,0.17247189,-0.056041394,0.025394044,-0.551892217,-0.561409364,0.120586252,-0.166317665,-0.125228674,0.037743594,0.098382672,-0.03789386,0.141870016,-0.294269324,-0.443396109,-0.079622407,-0.190172391,-0.059160649,0.313588679,0.001768161,0.030656862,-0.383917238,0.177772427,0.01354151,-0.031969386,-0.067432914,0.239727832,0.219791567,0.053746953,-0.010074603,0.11609901,0.04695282
-18.22751482,-0.753769644,-0.44232795,-1.925773542,-0.732759081,0.278622002,2.511720687,-7.245315156,1.452025971,17.80777647,-1.792059284,8.648262675,11.53781068,-0.063265498,8.045195033,-18.96741456,0.736478686,3.012958827,-3.722358747,0.67724798,-9.442953758,3.940228912,19.53367066,-35.46575837,45.60436152,-29.04388568,1.225001261,4.152796535,-6.208267349,-0.746978336,0.376630847,-1.979969418,0.581892467,2.712082658,0.404277988,-3.549795869,2.443487161,1.941208978,2.948596897,2.584722854,-4.430453504,-3.319648606,-2.536402038,-0.791459722,2.389717426,-0.890482754,-6.590568852,0.222107811,-8.187992747,3.487393905,9.914689878,-3.758418221,37.86607745,-17.95403887,-31.7584589,17.02037558,0.849042053,20.65204082,-24.0441885,65.00496681,11.51025169,-1.024516819,-2.751916402,3.954148892
-11.85339276,-2.498374017,3.805581555,-10.6256542,-0.030815763,0.949820332,2.912752941,-11.38451195,0.162053986,26.93605619,-7.381914457,2.423306606,9.259090748,0.862421263,7.790835119,-18.23859365,4.603948855,2.188731759,2.110686744,1.775034785,-7.327332711,-6.00262004,-0.36215714,3.639876918,-56.10991906,-47.66601988,-36.16123121,-12.66386063,-28.95834155,-4.379340497,4.531140752,0.73188138,-14.91347957,4.17891126,-0.871834514,-2.362098897,2.528454736,-0.368198951,3.158232598,-3.525163446,6.728864407,0.274208869,3.116418187,0.802689195,-2.14633722,1.32670096,1.965328122,-5.587122947,1.718963215,-5.372845577,-3.563059973,6.288038819,-12.22422236,-49.6088105,3.878922631,-5.624786581,-7.749959209,0.246065722,7.195641013,-5.561574613,4.242029765,28.573729,-54.18399909,7.061160372
-25.24986215,0.745123481,-1.21150366,11.69290331,-1.131732388,-0.940535587,1.61211074,-0.906990749,1.711184882,1.739527297,2.345811876,0.521292494,-1.887076502,-0.353237483,0.627868486,-0.925114486,1.236221313,-1.372249623,3.733786783,-3.458455382,-1.519997416,-0.508179247,1.899335636,-2.056368643,-5.693696733,3.430120492,0.110770585,5.168789344,2.801486429,1.516802041,-9.418872275,19.64181033,-1.351158265,-0.70952952,1.195160839,-2.596907449,-0.113974022,2.65045895,-4.984227371,3.368106526,-1.895999588,-19.28804734,-6.495834164,-5.897072063,1.914378486,-1.509427856,-26.21446394,-24.52046731,-6.839915055,0.048014352,-27.33922849,42.57407316,3.129483875,8.959687328,-16.65251165,-15.20180818,10.74305046,-16.55380146,3.654378293,0.576273637,5.374170942,-2.037629805,0.708270318,0.432009748
-25.80534682,1.748399207,-3.097346291,17.45516857,0.99529495,0.97677701,0.924158033,2.272795061,0.985529859,-8.496535876,3.036747812,-0.457473876,-3.705997208,-0.3789047,0.008018185,5.489934242,-0.527464854,-1.794612627,0.222903086,-1.965864394,1.514653587,-0.112632973,0.910062709,1.335951391,-0.995065966,-0.156536296,1.007524246,-1.624513269,2.277988569,-0.263700574,-1.081592177,1.579409999,-2.797270192,-0.962578491,0.067842287,2.263765519,0.5076721,-1.32148418,-9.066610988,-0.577885409,3.509801148,-15.78676941,-5.033662774,-2.895121014,-1.568158375,0.756668169,-18.35227896,-15.27709455,-16.2900302,-5.134595318,21.06250917,-36.90441465,-8.400148699,-4.054613198,-8.742002127,-9.456837916,0.922974473,-19.46397429,-7.812328024,-1.495896794,1.083870448,1.690204473,1.03529504,3.801527255
-25.31854815,1.614918098,-3.037486036,17.28717893,1.679040206,1.108153113,0.921222366,2.177889892,0.811540326,-8.118865036,2.590045797,-0.464883384,-3.224420216,-0.298969796,0.327704469,4.631351982,-0.993291484,-1.95991839,-0.004452526,-1.636326373,1.395508009,0.03874363,0.032177466,1.129764817,-1.52187142,0.64778018,0.790512355,-0.407902704,1.073121683,0.11898238,-2.392686603,2.736322946,-2.142705832,-1.692775697,0.219298522,2.710859591,-0.638222348,-1.146365175,-10.09253964,-1.426661078,3.811547843,-16.85557038,-6.472498761,-3.874090793,-3.991079248,-0.457595917,-20.72223156,-17.1196446,-16.72641632,-5.105227375,19.9825736,-42.68229041,-10.49958104,-3.212457203,-8.73052373,-12.0435895,7.861275031,-16.4540097,-0.603825152,-0.072749543,2.588971056,2.041653543,-0.042544586,-0.209208567
63.45844127,-1.24402366,-10.01795602,-1.071717263,2.024090069,-7.252557246,6.465928985,37.54117423,44.69833368,-50.21816405,30.86576909,94.14380251,152.1631661,6.52215384,7.867704009,20.6840166,-2.634786658,-3.507831651,-2.986407098,-6.777807539,3.290950958,-3.138838888,-0.682446925,3.548383078,-5.74538194,3.47762997,-0.504347698,-0.017131955,0.057827979,0.353697493,-1.115263709,2.590435296,-1.282175106,-0.037148889,-0.08214219,-0.82785376,0.604948991,-0.179110018,0.242288502,0.154915548,0.221495443,-0.014621541,-0.263488192,-0.54167421,0.111950607,-0.054107018,0.021777928,-0.033752654,0.172299771,-0.98742567,-0.271295989,0.469280942,-0.890584151,0.630257402,1.251836185,-0.104404942,-0.153430268,0.055968868,0.473653696,-0.384675977,-0.102839008,0.379628935,0.146249751,0.017576997
94.71096258,-13.15894269,-46.51390311,36.28949803,-37.87583937,-133.5477364,-121.123724,-117.2352327,-14.13607185,-20.73467916,-5.312236831,1.534774241,3.039875556,2.082615342,1.594976431,1.536426601,-3.850374586,-1.150690628,-1.967195685,-0.135796605,-0.481506257,0.115027668,-0.260016962,-0.391704507,1.185702601,0.909461002,-1.014195327,-1.667247684,-0.133973126,0.053047898,-0.057667019,0.203326172,-1.668709157,-0.039948596,-0.372554836,-0.001582133,1.01759827,0.763562181,-0.725450145,-0.377798184,0.329587703,-0.11720352,0.005688303,0.106236793,-0.094165567,-0.06721635,-0.159843222,-0.252160391,-0.051996471,0.099912636,0.026709407,-0.285995184,-0.075071348,0.049647436,0.111864742,-0.070304793,-0.056411343,-0.42036098,0.167101632,-0.115423026,0.757818001,-0.158923373,-0.117542129,-0.122957897
-26.22963521,1.514639752,-1.657113943,14.43223879,-0.941579511,-1.100053394,0.808822683,1.842785795,0.68006041,-4.120526248,2.141480042,-0.263209598,-3.047130945,0.004297973,-0.91828063,-0.109370627,0.323373892,-2.198258192,0.639622704,-1.149301632,1.360204652,0.712152861,1.393445706,-3.005580504,-4.531903154,8.483917356,0.973791314,2.806650818,9.259684216,4.217782393,-13.61975293,27.52089596,-7.369314109,0.597912412,0.590379784,-6.496734931,5.963518552,7.839853575,32.0858321,-7.792430981,5.566810896,19.54760755,11.18813549,5.023808383,-1.290024861,0.110471592,5.575359529,1.526314906,3.200095854,0.075954233,2.843338659,-8.475029277,-0.561559937,2.634092005,-9.773172569,-1.961151421,-6.613352303,-3.465020655,-9.874541994,-10.41901645,-5.173694392,-1.281000248,0.526906975,-4.812936091
-18.39031301,-2.211040176,0.622784066,-3.188070688,-1.433634932,0.234995799,2.488386187,-10.09296021,0.501698796,23.59933181,-3.974170304,4.406867275,7.684017678,0.181785441,5.686842772,-16.56612083,5.237920438,2.886125744,-0.832424951,-0.727160623,-11.32778508,0.521763906,7.789052796,-11.83845156,-10.790897,44.50561043,2.192465331,18.96172521,-37.07123181,0.155631939,9.372021713,-14.85561193,11.22909386,4.659518365,-0.300919118,-8.642707589,1.730136682,2.717693476,14.22167063,12.30813566,-22.41574744,-8.751285868,-3.957345341,-8.087512965,18.16439607,-16.78425049,-14.70148912,14.67807419,12.64571069,0.840173116,-11.20480335,-8.96527669,-11.79892259,4.963051153,-10.20290924,-3.879086408,-29.94761462,-1.089996784,-6.635148363,-1.308376026,6.331560016,7.75197871,16.67813385,29.19197748
-28.18004294,1.986807278,-2.329952764,20.96033933,-0.819274334,-2.432054389,0.593116747,6.1252887,2.187110157,-15.20109883,4.189803844,-2.958163902,-5.520148525,-0.464152742,-3.866273613,10.29947714,-1.708763061,-1.824096535,1.370500584,-0.760785706,3.956308852,-0.627954368,-2.29472051,4.879646329,1.465116331,-4.743241092,1.574196489,-0.546176357,-1.172175973,0.950078632,4.531209837,-10.27274752,3.527763875,0.353463431,-1.256320873,-1.527262283,0.955742282,0.410718849,1.247833141,-0.506335644,-0.991813208,2.938934886,1.606075201,0.501323725,0.028310144,-1.274241318,2.37558115,2.773462652,1.857865542,-1.907221887,-0.033089288,5.286053597,2.829140787,1.48279966,1.475212374,2.140291568,1.3599146,-1.039614926,-1.86683283,0.085678712,0.002412206,1.664005041,3.774841261,4.543794538
-8.769560515,-1.120028064,1.065601318,-16.97595677,0.382945956,2.557212938,2.684551565,-10.61212628,-3.163107741,22.56715094,-8.325812831,2.20662211,9.291156308,1.414972847,4.038325342,-22.22636216,2.014697373,2.909127357,-0.863981768,1.8921866,-0.40623178,-6.201543424,-3.403358311,4.305421361,-7.971548512,12.65122811,-4.057979783,-27.64222306,51.03363645,89.51537263,17.65411428,-37.29040624,-10.23852292,-0.015989592,-7.058183434,-10.1230348,9.757154537,0.599219241,14.35950565,-2.621600129,0.464039023,-2.971694958,-1.860344607,-1.970671723,1.591077281,0.851369409,-5.422955275,1.673934593,4.577424082,-58.83528586,21.73778742,15.46058446,3.50570477,3.123592186,-2.198919543,-0.731588007,1.004616541,-0.478062252,1.428170935,1.147310023,2.031387169,0.231727345,1.161006402,-0.111420973
-27.1151074,1.824963103,-2.240536132,21.02831508,-0.776356542,-2.175838156,0.04769529,6.912855041,2.097289368,-15.94361177,3.88599942,-2.660891918,-5.640582458,0.046107303,-3.750916689,12.57753043,-1.654768391,-0.825772869,1.200946075,-0.323471609,4.691213443,-1.634545481,-2.307682101,4.041130978,1.307317263,-6.999119923,1.076179974,0.137299151,-3.945840312,-0.475748031,6.054472,-13.76796233,2.392626754,1.010800385,-1.239503662,-1.074752703,0.489115107,0.177865641,2.245416915,0.431681478,-1.907075125,2.855859041,2.229173535,0.518713193,0.345779227,-0.412954574,4.496634811,4.531158299,1.875380691,1.793026299,-0.352637032,-0.389966605,1.419653404,-0.454107022,-2.098249863,-2.57598529,1.469917079,-3.070681273,-2.370870619,-1.420217419,2.720858547,-0.803138905,1.109076494,-0.045550706
-22.45480072,0.850891123,-1.205022226,9.4318145,-0.007222306,-0.316984696,0.720515499,1.448140694,0.327090078,-1.347958827,0.806634445,-0.510533366,-0.806671089,-0.769313872,0.206109482,-4.091464836,0.214630202,-0.918778641,-0.316862916,0.629597515,-1.146454756,0.798770669,0.733548819,-3.710913014,-2.646066139,7.605044106,0.012319966,-1.605283992,5.682826516,-0.117729289,-5.295743472,13.1915297,-7.010991361,-1.942420161,1.49411192,2.794998061,-2.706923233,-4.724869892,-7.090509808,-0.74511414,6.378649902,-10.64686052,-8.107644784,2.558078495,-10.28945376,-3.531155643,-7.246898024,0.527979775,-9.573904071,-0.744577345,2.518932228,-0.18075794,-11.49781881,1.809039208,2.07712795,9.020808073,2.316810003,54.51794652,-42.63831777,-39.59490618,57.04832557,-11.79406799,-3.651419422,-4.28986407
